text,label,label_name
Is it possible for me to change my PIN number?,21,change_pin
I'm not sure why my card didn't work,25,declined_card_payment
I don't think my top up worked,59,top_up_failed
Can you explain why my payment was charged a fee?,15,card_payment_fee_charged
"How long does a transfer from a UK account take? I just made one and it doesn't seem to be working, wondering if everything is okay",5,balance_not_updated_after_bank_transfer
Why am I getting declines when trying to make a purchase online?,27,declined_transfer
What is the $1 transaction on my account?,34,extra_charge_on_statement
It looks like my card payment was sent back.,53,reverted_card_payment?
Why am I unable to transfer money when I was able to before?,7,beneficiary_not_allowed
What if there is an error on the exchange rate?,17,card_payment_wrong_exchange_rate
After I transferred money the balance remained the same.,5,balance_not_updated_after_bank_transfer
How much does top up fees cost?,57,top_up_by_card_charge
limits on top ups,60,top_up_limits
My card payment was not successful.,25,declined_card_payment
I live in the EU - can I get a card?,24,country_support
Why did my top-up not work?,59,top_up_failed
"I have a strange transaction for £1 on my statement, what is that?",34,extra_charge_on_statement
Why is my money not in my account. I have already sent it out.,6,balance_not_updated_after_cheque_or_cash_deposit
Let me know what the steps for the identity checks are,69,verify_my_identity
I need my card as quick as possible,12,card_delivery_estimate
In what increments can I top-up my card?,4,automatic_top_up
When do i activate auto top-up?,4,automatic_top_up
Do you charge for sending out more cards?,39,getting_spare_card
Why am I being asked to verify my identity?,74,why_verify_identity
What currencies can I use?,54,supported_cards_and_currencies
I withdrew cash and I think the exchange rate is wrong.,76,wrong_exchange_rate_for_cash_withdrawal
"My top up hasn't gone through yet, why?",47,pending_top_up
"Hello, I have a question concerning an unfamiliar fee that I notice on my account. I see that you guys charge for ATM withdrawal. Never notice this fee until now. Can you please explain?",19,cash_withdrawal_charge
The exchange rate was wrong in the foreign country I got cash in.,76,wrong_exchange_rate_for_cash_withdrawal
I am still waiting for a transfer to show,48,pending_transfer
How is the exchange rate calculated?,32,exchange_rate
"There was an extra fee when I paid with my card, why was i charged this extra fee?",15,card_payment_fee_charged
My credit card seems to have been declined for top up. Why is it not going through? Can you tell me what's going on?,59,top_up_failed
"My transfers keep on getting declined. My card was working fine up until now, however it has suddenly stopped working. Why is this?",27,declined_transfer
How long does it take for my physical card to be delivered.,12,card_delivery_estimate
I need to know why a money transfer is available.,48,pending_transfer
I must make several disposable cards every day.,29,disposable_card_limits
What do I do to link my new card?,13,card_linking
Why is their a charge pending on my card still?,45,pending_card_payment
Why is there extra cash in my account?,20,cash_withdrawal_not_recognised
Can I get a refund on an item?,52,request_refund
Can I get an update on my replacement card?,11,card_arrival
How do I know what my PIN is?,38,get_physical_card
In which countries can I get a card?,24,country_support
Can I choose from either Visa or Mastercard?,73,visa_or_mastercard
My card still hasn't been delivered,11,card_arrival
I didn't make the direct debit payment on my account.,28,direct_debit_payment_not_recognised
after i got married i need to change my name,30,edit_personal_details
How can I tell the source for my available funds?,70,verify_source_of_funds
I didn't get all the cash I asked for,75,wrong_amount_of_cash_received
where did my funds come from?,70,verify_source_of_funds
I checked my account and see that funds were deducted from a seller I didn't approve of. Can you help me understand?,28,direct_debit_payment_not_recognised
"Apparently, I went out today to use my new card and was informed my payment was decline. This is really embarrassing, what happen?",25,declined_card_payment
My card is not working at stores.,25,declined_card_payment
Do you accept all cards and currencies?,54,supported_cards_and_currencies
"Looks like my card payment was duplicated after all. I went to pay at the store earlier, got declined once, second time it works. App still stays pending for one of the payments. Can you please remove one of them as it's wrong and clearly was declined?",63,transaction_charged_twice
It's requiring me to verify my identity?,74,why_verify_identity
I noticed a different charge while I was taking my money out.,19,cash_withdrawal_charge
Where can I find my PIN? I haven't gotten it yet.,38,get_physical_card
Why isn't my cash deposit showing up in my account? I deposited it this morning.,6,balance_not_updated_after_cheque_or_cash_deposit
When I'm traveling is it possible to add money automatically at certain time points?,4,automatic_top_up
"I've got a problem - I bought something with my card one or two weeks ago, but now exact same amount of the purchase is showing up in my account. I like more money in my account, but this is too good to be true. Can you tell me what's happening?",53,reverted_card_payment?
What cash machines will let me change my PIN?,21,change_pin
I haven't received my card.,11,card_arrival
Where is my virtual card?,40,getting_virtual_card
I did a transfer and I was charged a fee that shouldn't be there!,64,transfer_fee_charged
What are the reasons why a card payment would be declined?,25,declined_card_payment
When will I have access to my pin number?,38,get_physical_card
How long does it actually take for a card payment to go through? There's one stuck since a couple of days already that doesn't seem to move,45,pending_card_payment
How do I get my card out of the ATM?,18,card_swallowed
I just sent money but the person I sent it to doesn't see it. What happened?,66,transfer_not_received_by_recipient
How do I verify my identity online,69,verify_my_identity
When can I expect my new card to get here?,12,card_delivery_estimate
"I saw money was taken out of my account by a seller a while back. I do not recognize the seller, but I'm pretty certain I didn't make that payment. Can you track who the seller is?",28,direct_debit_payment_not_recognised
How do I get a card if I live in the US?,24,country_support
"Hi, I am currently in the process of buying a flat and I am waiting for the mortgage to go through but it keeps showing up as an error. Do you know what could be causing this and can you help me get the money over.",35,failed_transfer
The top-up did not go through.,59,top_up_failed
Am I charged for receiving money?,56,top_up_by_bank_transfer_charge
How do I go about getting hold of a virtual card?,40,getting_virtual_card
Why would my top up be reverted?,61,top_up_reverted
"My account says there are pending funds right now from withdrawing from an ATM, but my card was declined and I never took out any money. When will that money be deposited back into my account?",46,pending_cash_withdrawal
I tried pulling out money at the ATM and it gave me an incorrect amount back.,75,wrong_amount_of_cash_received
I didn't receive my money earlier and it says the transaction is still in progress. Can you fix it?,46,pending_cash_withdrawal
I am not able to purchase anything online! I have been using my card on multiple sites over a period of two weeks and none of the payments have gone through. Why is this happening?,53,reverted_card_payment?
Can I use my card to withdraw from my account?,3,atm_support
"I see I was charged extra when I used the card. I am not sure why, please tell me why.",15,card_payment_fee_charged
I really need to top-up my card today urgently but my card keeps getting declined!! Can you please resolve this problem or let me know if you have any alternatives,59,top_up_failed
How come when I tried to pay contactless at the bus it didnt work?,23,contactless_not_working
There is a record of payment I never submitted on the app.,16,card_payment_not_recognised
"My refund has not arrived, and I am unsure why. Who do I contact?",51,Refund_not_showing_up
What is the procedure for depositing a virtual card,37,get_disposable_virtual_card
What kind of costs are involved for exchanging currency?,31,exchange_charge
Is there a reason why my virtual card won't work?,72,virtual_card_not_working
I tried to do a transfer but I got a message that it was declined.,27,declined_transfer
How can I dispute a direct debit transaction?,28,direct_debit_payment_not_recognised
Why has transferring money resulted in a charge?,64,transfer_fee_charged
Who do I make a check out to if I want to top off my account?,58,top_up_by_cash_or_cheque
"Hi there, I've tried to make a transfer 5 different times and its not working. Is your system down or something?",35,failed_transfer
"I don't want to buy this car anymore, can I cancel the transaction and get a quick refund back?",52,request_refund
I need to make several disposable cards per day.,29,disposable_card_limits
I made a cash withdrawal earlier and it's showing as pending. What does that mean?,46,pending_cash_withdrawal
Can you tell me how to tell where my funds come from?,70,verify_source_of_funds
I can't find the auto-top up option.,4,automatic_top_up
What fee will be charged for exchanges?,31,exchange_charge
Can turn my money into another currency?,33,exchange_via_app
How long does it take for something to be delivered to the U.S?,12,card_delivery_estimate
is there a fee for swift transfer,56,top_up_by_bank_transfer_charge
What is the process to get a new card when your old one expires?,9,card_about_to_expire
I need to urgently transfer something from China. How long will it approximately take?,67,transfer_timing
The money has not yet been placed in recipients account.,66,transfer_not_received_by_recipient
Is top-up possible with Apple Pay?,2,apple_pay_or_google_pay
Why was my top up cancelled?,61,top_up_reverted
why do I have to show my ID,69,verify_my_identity
Why do I see a random withdrawal in my app?,20,cash_withdrawal_not_recognised
How long does it take for the transfer to go through?,66,transfer_not_received_by_recipient
I cannot get my google pay to work.,2,apple_pay_or_google_pay
Why would my payment for my card show as pending?,45,pending_card_payment
Can you tell me why my card isn't letting me make purchases online? It's been 2 weeks I've been trying.,53,reverted_card_payment?
How can I prove I am me?,69,verify_my_identity
Please cancel my last transaction.,8,cancel_transfer
What do I do if my top-up has not gone through?,47,pending_top_up
Can my PIN be changed in any cash machine?,21,change_pin
Can I get paid for this in another currency?,50,receiving_money
Can you please explain the topping up transfer process?,65,transfer_into_account
Waiting for the cash I deposited this morning still,6,balance_not_updated_after_cheque_or_cash_deposit
I made a transfer a couple hours ago but my balance has not been updated. Why is this? Shouldnt this be instant?,5,balance_not_updated_after_bank_transfer
My payment shows that it is pending will I be charged more money?,48,pending_transfer
Why should I verify the top-up?,71,verify_top_up
Please tell me about disposable cards.,37,get_disposable_virtual_card
I'm at the ATM right now and it only allowed me to withdraw 10 pounds instead of my requested 30. What's going on? How can I fix this?,75,wrong_amount_of_cash_received
Why do you need to perform identity verification?,74,why_verify_identity
What are the steps needed to top up with Apple Pay?,2,apple_pay_or_google_pay
I want to change the wrong exchange rate.,17,card_payment_wrong_exchange_rate
A transfer has been made in my account that I need to cancel. This was a mistake on my part and I hope we can get this resolved quickly.,8,cancel_transfer
Help! My account doesn't show any funds. Is transferring funds an option I can use?,65,transfer_into_account
How long does it take to make an urgent transfer from China?,67,transfer_timing
Shouldn't my new card be here by now?,11,card_arrival
Why hasn't a transaction I did to my friend arrived yet?,66,transfer_not_received_by_recipient
I could not get my card to work at a shop.,25,declined_card_payment
Where can the cards be delivered?,43,order_physical_card
How long does it take to recieve my new card?,11,card_arrival
Would it be possible to open up an account for children?,1,age_limit
Why am I not allowed to add a certain beneficiary?,7,beneficiary_not_allowed
My new card hasn't came in.,11,card_arrival
How do I replace a stolen card?,41,lost_or_stolen_card
Someone may have made an error in figuring out the rate of exchange. I should have received more cash than I did on my most recent withdrawal.,76,wrong_exchange_rate_for_cash_withdrawal
Can I get an actual card,43,order_physical_card
How do I get a new card as your machine swallowed mine!,18,card_swallowed
What are the restrictions on the virtual cards?,29,disposable_card_limits
After making a payment with my card it doesn't seem to have worked. It's just showing to be pending. When will this actually be going through?,45,pending_card_payment
"I keep trying to make a payment, but it doesn't work.",25,declined_card_payment
Is it possible to have a second card?,39,getting_spare_card
How can I verify my top-up card?,71,verify_top_up
What do the disposable cards do?,37,get_disposable_virtual_card
Is there something wrong with my ATM Card? Tried using it earlier and it did not work.,26,declined_cash_withdrawal
If i want to change my pin number can I directly from an ATM?,21,change_pin
where can I get the info for my funds,70,verify_source_of_funds
I would like to track the card you sent to me.,11,card_arrival
What is going on? I have checked over and over and the details of my account are right. Why is my transfer still pending? It's 2018 not 1818. Transfering money to another country can't be that hard.,48,pending_transfer
Need help with a stolen card.,41,lost_or_stolen_card
What is the expected delivery date for my card?,11,card_arrival
"Hi, I used an ATM today to take money out of my account, but the amount it gave me is not the amount I requested. What should I do?",75,wrong_amount_of_cash_received
"After a transfer, I see an extra fee. Why?",64,transfer_fee_charged
My wallet got stolen a couple hours ago and now I've seen there already is a withdrawal. Help this is absolutely urgent I don't want to loose more money,20,cash_withdrawal_not_recognised
Is ordering a new card from China available?,9,card_about_to_expire
My card hasn't came in the mail yet?,11,card_arrival
I topped up my account but the app failed to process it.,59,top_up_failed
I made a check and cash deposit that wasn't credited to my account.,6,balance_not_updated_after_cheque_or_cash_deposit
My statement shows different transaction times.,63,transaction_charged_twice
where to i get my funds from?,70,verify_source_of_funds
Are there any ATM's near me that accept this card?,3,atm_support
How can I close my account?,55,terminate_account
"I am not sure how this will work, but I have not received a product I ordered. I want a refund, but should I just cancel the payment?",52,request_refund
Where can I order a card when I am in China?,9,card_about_to_expire
What factors effect the exchange rate?,32,exchange_rate
Do you have the best exchange rate?,32,exchange_rate
I'm trying to purchase a flat but i need my first payment for my mortgage to go through first. I keep getting an error. I'm not sure what is going on but i need help making this transfer.,35,failed_transfer
How can my account have money transferred into it?,65,transfer_into_account
"Hi, Last week I have contacted the seller for a refund as directed by you, but i have not received the money yet. Please look into this issue with seller and help me in getting the refund.",51,Refund_not_showing_up
My account seems a bit off and getting weird charges.,63,transaction_charged_twice
My card stopped working after multiple transactions. Why?,14,card_not_working
I asked for cash but I did not receive all the funds,75,wrong_amount_of_cash_received
How can I check if I have received a refund if it is not yet on my statement?,51,Refund_not_showing_up
"the product is not working, can I get a refund?",52,request_refund
If I want to can I set up a new PIN?,21,change_pin
"I tried to add a topup to my account but the money isn't there, anymore. Did I do something wrong?",61,top_up_reverted
"There must have been a mistake, why was I charged an extra pound?",34,extra_charge_on_statement
I ordered a virtual card but it hasn't come through yet,40,getting_virtual_card
How long will my transfer be pending?,48,pending_transfer
Why is there a fee added to my statement?,34,extra_charge_on_statement
how soon will my card arrive?,12,card_delivery_estimate
Why was my card declined in a shop?,25,declined_card_payment
What cards do you offer?,73,visa_or_mastercard
I would like to get help from someone in your customer service department with assisting me with activating my card.,0,activate_my_card
"Hi, would you please activate my card?",0,activate_my_card
What do I do if I think someone has used my card?,22,compromised_card
How do I input a new address?,30,edit_personal_details
How to receive virtual card?,40,getting_virtual_card
Top up did not work on the app.,59,top_up_failed
The ATM keeps declining my Transaction . I tried two different ATMs already Would you please check if everything is okay with my account?,26,declined_cash_withdrawal
How does identity check work?,74,why_verify_identity
Is there something wrong with the ATM? It would not let me pull cash out of my account.,26,declined_cash_withdrawal
I found my card again. Can I put it back into the app?,13,card_linking
How do I get this damn virtual card to work?,72,virtual_card_not_working
My account balance has not updated since I deposited a cheque recently.,6,balance_not_updated_after_cheque_or_cash_deposit
My client was converting their Russian ruble into UK pound currency when they noticed their bill was much too high for the exchange. What happened?,17,card_payment_wrong_exchange_rate
Tell me if there is a limit to top-up.,60,top_up_limits
I believe you charged me too much to exchange my money,17,card_payment_wrong_exchange_rate
I'd like to have extra cards. Will I have to pay for that?,39,getting_spare_card
What do you use to figure out the exchange rate for the card?,32,exchange_rate
Why is there a €1 charge on my statement?,34,extra_charge_on_statement
Do you have any options to top up with a cheque on my account?,58,top_up_by_cash_or_cheque
Somebody made a withdrawal from my account for 500. I have my card so how can this be? Does somebody have a duplicate card or something? Help please.,20,cash_withdrawal_not_recognised
Since when were there charges for taking out cash from my account? It's always been free for me to do this before. How much are the charges going to be?,19,cash_withdrawal_charge
Why hasn't the app verified my identity?,68,unable_to_verify_identity
Where are the cards delivered to,43,order_physical_card
"Given a choice, I'd rather have Mastercard.",73,visa_or_mastercard
Is there a way to lookup where funds came from?,70,verify_source_of_funds
Why is the exchange rate so high? This should have been a much higher amount of cash for that to apply.,76,wrong_exchange_rate_for_cash_withdrawal
please cancel the transaction,8,cancel_transfer
I just realised I made the wrong payment yesterday. Can you please change it to the right account? It's my rent payment and really really needs to be in the right account by tomorrow,8,cancel_transfer
Can you explain why I was charged extra when I used the card?,15,card_payment_fee_charged
I need help finding the verification code on the top up card.,71,verify_top_up
Why was I charged this extra fee while doing a transfer?,64,transfer_fee_charged
I wish to remove my account.,55,terminate_account
How do I transfer cash my into my account?,65,transfer_into_account
What do I need in regards to identification?,69,verify_my_identity
Can I receive money in a different countries money?,50,receiving_money
How can I unblock my PIN?,49,pin_blocked
I am quite aggravated that I ordered online almost a month ago and I never got my package and I paid for it. I would really appreciate it if I could get a full refund back now.,52,request_refund
"I'm interested in holding and exchange for flat currencies, what do you support?",36,fiat_currency_support
An incorrect exchange rate was applied to an item I bought.,17,card_payment_wrong_exchange_rate
Can anyone else top-up for me?,62,topping_up_by_card
How come the money from the merchant appeared back into my account?,53,reverted_card_payment?
How can I switch on my new card?,0,activate_my_card
Why was I charged an extra fee when doing a transfer?,64,transfer_fee_charged
Can I transfer using SWIFT?,56,top_up_by_bank_transfer_charge
Why was there an extra charge when I transferred money?,64,transfer_fee_charged
Why is there a payment showing twice?,63,transaction_charged_twice
Why did the funds for one of my purchase come back to my account?,53,reverted_card_payment?
I would really like a physical card.,43,order_physical_card
How come I have pending transfers?,48,pending_transfer
Is there a reason my new card hasn't arrived yet?,11,card_arrival
I see non-received cash in my app.,20,cash_withdrawal_not_recognised
I just found out from the seller that my money didn't go through. I checked my account and it was deducted at first but now it's back in my account. Can you please fix this for me quickly?,53,reverted_card_payment?
What is the youngest age for an account?,1,age_limit
I did a cash deposit to my account but it doesn't show up,6,balance_not_updated_after_cheque_or_cash_deposit
"I did a cash deposit to my account, but I am not seeing it on my statement.",6,balance_not_updated_after_cheque_or_cash_deposit
Do I have to use bank approved ATM's,3,atm_support
I'd like to apply for a Visa Card.,73,visa_or_mastercard
How do I get my money back for a duplicated charge?,63,transaction_charged_twice
What do I need to do to get my new card which I have requested 2 weeks ago?,11,card_arrival
Is there a limit for top ups?,60,top_up_limits
"Hi, I am experiencing problems while trying to top-up with my card. I have never experienced any problems doing this before. Could you please help me?",59,top_up_failed
How can I exchange currencies with this app?,33,exchange_via_app
I topped up my account but the money isn't there now.,62,topping_up_by_card
Why isn't my card working? I was pumped to use my new card but it keeps getting declined. Help please.,25,declined_card_payment
Why hasn't my balance been updated from the check deposit I made?,6,balance_not_updated_after_cheque_or_cash_deposit
I tried to buy something online yesterday but it kept saying declined. Tried another time today but same thing happened. What's Broken?,27,declined_transfer
Is there a problem with the payment that I see is still pending?,45,pending_card_payment
I can't get google pay to work right.,2,apple_pay_or_google_pay
My card payment's cancelled,53,reverted_card_payment?
Do you have a children account available?,1,age_limit
"Can I change my pin at ATMs? If so, what ones?",21,change_pin
If I don't have much money in the account can I auto top-up?,4,automatic_top_up
There is a direct debit transaction that I did not authorize,28,direct_debit_payment_not_recognised
"I just bought an item and would like to stop payment, is this possible? The item has not been received yet.",52,request_refund
Can I possibly change my currency to another?,33,exchange_via_app
Please sort your top up! My top up has been pending for an hour already. Can you please make it go through as soon as possible. I really need the money.,47,pending_top_up
What do I do if I can't get my card out of the ATM?,18,card_swallowed
The ATM is messed up. It gave me less than I wanted.,75,wrong_amount_of_cash_received
are there any exchange fees,31,exchange_charge
Why was my cash withdrawal cancelled at the ATM?,26,declined_cash_withdrawal
My card is almost expired. How fast will I get a new one and what is the cost?,9,card_about_to_expire
How long before I can see that my cash withdrawal has taken place?,46,pending_cash_withdrawal
Is my account able to be topped up by my friends?,62,topping_up_by_card
Is a physical card also available,43,order_physical_card
Where are the cards transported to?,43,order_physical_card
I was declined when I tried to take out cash!,26,declined_cash_withdrawal
How do I replace a card that's going to expire?,9,card_about_to_expire
"Hey I am standing in front of an ATM here, it only gave me 10 pounds even though I wanted to withdraw 30! Seems like the app has 30 pounds, what do I do??",75,wrong_amount_of_cash_received
Can you tell me why I haven't received my new card yet?,11,card_arrival
Is the verification number on the top up card,71,verify_top_up
I wanted to withdraw $100 from the ATM but I only got $20,75,wrong_amount_of_cash_received
i have yet to get my pin,38,get_physical_card
Your service is bad. Close my account.,55,terminate_account
There is a cash withdrawl I don't remember.,20,cash_withdrawal_not_recognised
What ATMs can I use this card at?,3,atm_support
I didn't get a PIN yet. What gives?,38,get_physical_card
I cannot find my refund on my statement.,51,Refund_not_showing_up
I made the incorrect payment for my rent yesterday and this needs to be fixed by no later than tomorrow. How can you help?,8,cancel_transfer
When will my transfer move from pending to confirmed?,48,pending_transfer
why do I have an unknown payment?,16,card_payment_not_recognised
"I know there's money in my account, why did my account decline me?",25,declined_card_payment
I have kids and I'm curious at what age could they start to use your service.,1,age_limit
"Looks like my card payment was duplicated after all. I went to pay at the store earlier, got declined once,second time it works. App still stays pending for one of the payments. Can you please remove one of them as it's wrong and was declined?",63,transaction_charged_twice
I punched in the wrong pin too many times and I'm locked out.,49,pin_blocked
Why was I charged a fee for withdrawing money?,19,cash_withdrawal_charge
Can you send me a new card and block my current one. I'm in Spain and my wallet was stolen.,41,lost_or_stolen_card
"My phone got stolen, how can I use the app?",42,lost_or_stolen_phone
What are the steps for the identity checks?,69,verify_my_identity
"I was charged twice for a restaurant, can you take the second charge off?",63,transaction_charged_twice
When can I expect the transfer to arrive in my account?,67,transfer_timing
Why hasn't the transaction I did to my friend arrived yet?,66,transfer_not_received_by_recipient
Is it possible for me to track the card is was mailed to me?,11,card_arrival
My passcode was denied.,44,passcode_forgotten
I attempted to get cash in the ATM but it was not authorized,26,declined_cash_withdrawal
Can I have a card even if I am not living in the UK?,24,country_support
My account is showing a double charge.,63,transaction_charged_twice
I made a check deposit but the cash hasn't arrived in my account yet.,6,balance_not_updated_after_cheque_or_cash_deposit
I received a returned payment that I made.,53,reverted_card_payment?
I was not able to receive the correct amount of cash.,75,wrong_amount_of_cash_received
What is the fee for a foreign currency exchange?,31,exchange_charge
I don't know where a direct debit payment came from,28,direct_debit_payment_not_recognised
There is an extra small charge on my card! What do I do?,34,extra_charge_on_statement
What businesses can I use this card with?,10,card_acceptance
Why has my top up been returned?,61,top_up_reverted
Are there any places that won't take my card?,10,card_acceptance
How do I use a cheque to top up?,58,top_up_by_cash_or_cheque
Is it simple to transfer money using my credit card?,62,topping_up_by_card
I need to cancel my recent transfer as soon as possible. I made an error there. Please help before it goes through.,8,cancel_transfer
How much is a physical card?,43,order_physical_card
My salary is deposited in GBP. Do I need to choose the currency?,50,receiving_money
The cast deposit from a week ago still is not in my account. Why?,6,balance_not_updated_after_cheque_or_cash_deposit
Will you be able to exchange to EUR?,36,fiat_currency_support
Are there fees for adding money with an International card?,57,top_up_by_card_charge
I think somebody made an unauthorized copy of my card. My account has a cash withdrawal for 500£ that I did not make. Please help.,20,cash_withdrawal_not_recognised
How do I add cash to my account?,58,top_up_by_cash_or_cheque
I'm interested in getting a virtual card. How do I get one?,40,getting_virtual_card
Can I set it up to add money every few days automatically while I am traveling?,4,automatic_top_up
I have transfered to my account before but it is being declined now?,27,declined_transfer
Will the card be a Mastercard or a Visa?,73,visa_or_mastercard
what is the fee for topping up by card?,57,top_up_by_card_charge
I received duplicate charges.,63,transaction_charged_twice
This is the first time I've tried to get my money out of an ATM and it didn't work. Please give me my money,26,declined_cash_withdrawal
"It seems like I have been waiting forever for this international transfer. Why is it taking so long? C'mon, it's 2018, things happen at a click of a button. All of the account information is correct, so how long will this take?",48,pending_transfer
In my account I noticed my ATM withdrawal is still pending,46,pending_cash_withdrawal
There is unusual activity on my account and I believe someone took my card.,22,compromised_card
would a visa or mastercard be more suited to me?,73,visa_or_mastercard
How do I receive a disposable virtual card?,37,get_disposable_virtual_card
The bank charged me fees for withdrawing cash!,19,cash_withdrawal_charge
I don't think the exchange rate was right.,76,wrong_exchange_rate_for_cash_withdrawal
Is it possible for a transaction to be cancelled?,8,cancel_transfer
I am unsuccessfully trying to make a transfer can you help?,35,failed_transfer
How do I make my PIN work again?,49,pin_blocked
What are the age requirements for service?,1,age_limit
I didn't make this payment and it's on my app,16,card_payment_not_recognised
A transfer was not allowed to an account.,7,beneficiary_not_allowed
Do I have to go to an actual bank to change my PIN?,21,change_pin
How much would I be charged for a transfer?,56,top_up_by_bank_transfer_charge
How do I query a payment on my card? It looks like I have paid for the same thing twice.,63,transaction_charged_twice
When do you charge fees on accounts? I just saw a charge on my statement.,15,card_payment_fee_charged
what are your exchange rates at?,32,exchange_rate
At what ATM can I change my PIN?,21,change_pin
What is the fee for topping up a US card?,57,top_up_by_card_charge
Why is my transfer pending?,48,pending_transfer
What's the limit on total number of cards I can have?,39,getting_spare_card
I tried to use my disposable virtual card to pay a subscription to the gym and it got rejected. Any ideas why?,72,virtual_card_not_working
Tell me why my card payment would be reverted.,53,reverted_card_payment?
What do I do to verify my source of funds?,70,verify_source_of_funds
My card arrived but I don't know how to get my PIN.,38,get_physical_card
The cheque I deposited isn't showing in my account,6,balance_not_updated_after_cheque_or_cash_deposit
Why won't you accept my payment? I keep trying with this card and it's not working.,25,declined_card_payment
is there a frequent currency discount?,31,exchange_charge
"I need to delete my account, please.",55,terminate_account
I want a backup second card. Is this possible?,39,getting_spare_card
"Using Google Pay, can I top up?",2,apple_pay_or_google_pay
How many active transactions can I make with a disposable card?,29,disposable_card_limits
"If there isn't a lot of money left, will it automatically top-up money?",4,automatic_top_up
What is the status of my top up?,61,top_up_reverted
It looks like a payment I've made hasn't made it through yet.,45,pending_card_payment
Is it possible to do auto top up?,4,automatic_top_up
I have lost my card! What is my next step?,41,lost_or_stolen_card
Can you give me a virtual card?,40,getting_virtual_card
I didn't cancel my card payment.,53,reverted_card_payment?
A fee came along with me paying with card,15,card_payment_fee_charged
i asked for 100 only got 80,75,wrong_amount_of_cash_received
"Transfers can take up to one day to process before departing for the beneficiary accounts. Please confirm that you've entered your account details correctly. SEPA transfers can take up to two working days, while SWIFT transfers can take up to five working days.",48,pending_transfer
How do I close my account?,55,terminate_account
How do I complete the ID check?,69,verify_my_identity
How can I receive my salary in another currency?,50,receiving_money
I got a new address and need to change my old one.,30,edit_personal_details
I purchased something about one to two weeks ago but for some reason the payment was returned to my account today even though I've already received one of the items. Can you tell me what's going on?,53,reverted_card_payment?
Can I use your app to exchange between USD and GBP,33,exchange_via_app
Purchases I did not make are appearing in my bank statement?,28,direct_debit_payment_not_recognised
I do not recognize the card payment.,16,card_payment_not_recognised
Can I change my PIN at any ATM?,21,change_pin
Why is there a random payment in my statement?,16,card_payment_not_recognised
Is it possible someone has access to my card? I noticed that there are a couple of payments in the app I'm sure I did not make. Can you find out what's going on here?,16,card_payment_not_recognised
"Hey there, I just went through my most recent credit card payments and I notice the same charge for a restaurant was processed twice. There was only one meal at this place, so I would like one of the charges to be reversed and my money to be put back in the account.",63,transaction_charged_twice
Where can I find the top up verification code?,71,verify_top_up
I just checked my account on the App and there is a payment on there that I did not make.,16,card_payment_not_recognised
"Do you hold money and if so, what currencies do you accept?",36,fiat_currency_support
Can I use this app to exchange currencies?,33,exchange_via_app
"If I bought something I didn't like, can I get a refund?",52,request_refund
"I transferred money to another country several days ago, but my transaction is still pending. i have checked that the accounts are keyed in correctly. what sees to be the problem?",48,pending_transfer
What are ways to test why my card might not be working?,14,card_not_working
What countries can I use the card in?,24,country_support
Can cash be used in physical locations to top up?,58,top_up_by_cash_or_cheque
It's been a week since I ordered my card and it's not here. Please help?,11,card_arrival
Can you tell me why my card payment did not work?,25,declined_card_payment
how much for topping up by card?,57,top_up_by_card_charge
How can I exchange to EUR?,36,fiat_currency_support
You operate in which countries?,24,country_support
"I tried to withdraw cash and got declined, why is that?",26,declined_cash_withdrawal
I tried to transfer funds to a beneficiary and was denied. Can you tell me why?,7,beneficiary_not_allowed
Where can I find a Mastercard ATM?,3,atm_support
Do I get Visa or Mastercard?,73,visa_or_mastercard
"I attempted to complete a topup, and I thought all was well, but now the money is gone again. Has there been a glitch?",61,top_up_reverted
How do you find the exchange rate?,32,exchange_rate
If I can't choose my card type will I be able to use it everywhere?,73,visa_or_mastercard
there is a transfer pending.,48,pending_transfer
Can I get some help activating my new card?,0,activate_my_card
My PIN tries have run out. Now what?,49,pin_blocked
I haven't received the cash from the check I deposited.,6,balance_not_updated_after_cheque_or_cash_deposit
"I want to top up my account by a bank transfer, but will I be charged?",56,top_up_by_bank_transfer_charge
How do I get my card into the app?,13,card_linking
What should I do once my card expires?,9,card_about_to_expire
I really need some help to understand why my transfer keeps failing. I'm trying to send money to a friend. Please help.,35,failed_transfer
My app says that I'm not verified.,68,unable_to_verify_identity
Why was the price higher when I paid with my card?,15,card_payment_fee_charged
During the last month I used this account to make payments for my place abroad. I noticed the fees have increased and I wonder why. Shouldn't frequent users have less fees as incentive to keep using instead of increasing them out of nowhere?,64,transfer_fee_charged
Where can I see where my funds came from?,70,verify_source_of_funds
Why didn't I receive the right amount of cash at the ATM?,75,wrong_amount_of_cash_received
"I want to top up by using a credit card, which ones do you support?",54,supported_cards_and_currencies
Can I add to my account using a cheque?,58,top_up_by_cash_or_cheque
I was checking my statement and I think one of my card payments has reverted,53,reverted_card_payment?
Why is the exchange rate different from what I expected?,17,card_payment_wrong_exchange_rate
beneficiary transfer problems?,7,beneficiary_not_allowed
Whats the maximum disposable virtual cards?,29,disposable_card_limits
what is the exchange rate when i get cash,76,wrong_exchange_rate_for_cash_withdrawal
What am i missing to verify my id?,68,unable_to_verify_identity
Is the exchange rate the same on weekends as the weekdays?,32,exchange_rate
I have been charged twice for the same thing!,63,transaction_charged_twice
Can this app exchange American and English currency?,33,exchange_via_app
is apple pay a top up service?,2,apple_pay_or_google_pay
Can I use it outside of Europe?,24,country_support
Let me know when you charge extra for payments please. I just checked the app earlier when I saw that there was an additional fee on one of the payments that I wasn't warned about before.,15,card_payment_fee_charged
How can I reset the passcode if I need to do that?,44,passcode_forgotten
How do I go about cancelling a transaction?,8,cancel_transfer
I see a strange payment in my account.,16,card_payment_not_recognised
There is the same transaction showing more than once.,63,transaction_charged_twice
I'm still waiting on my identity verification.,68,unable_to_verify_identity
I am seeing inside the App a some cash withdrawal that is not mine,20,cash_withdrawal_not_recognised
There is a pending payment on my account that is very strange. I don't remember making this and it won't go away. Can you help me figure this out?,34,extra_charge_on_statement
I would like to top up my account automatically. How do I do that?,4,automatic_top_up
i have been trying to top up my account with a check but it won't work,58,top_up_by_cash_or_cheque
I am having trouble activating my card.,0,activate_my_card
how do I speed up identity verification?,74,why_verify_identity
How long do I need to wait to see an update after I make a bank transfer?,5,balance_not_updated_after_bank_transfer
"I have been charged more than I should for the presents I bought when abroad, the problem seems to be the exchange rate.",17,card_payment_wrong_exchange_rate
Is the fee with my cash withdrawal a mistake?,19,cash_withdrawal_charge
Can this app take my salary?,50,receiving_money
Why isn't my id verifying?,68,unable_to_verify_identity
I placed a cash deposit in my account but I can't see it yet.,6,balance_not_updated_after_cheque_or_cash_deposit
"I have not received my card and it's been a week, what do I do?",11,card_arrival
Please tell me how you can stop unauthorized payments from being made on my card since on this bill I see that this has happened. There are transactions that I never made from a place I've never been to.,22,compromised_card
"I am not supposed to be charged a cash withdrawal fee, but I was.",19,cash_withdrawal_charge
What are you exchange rates?,32,exchange_rate
My card hasn't shown up yet.,11,card_arrival
Where is the transfer that I did?,5,balance_not_updated_after_bank_transfer
I don't recognize the direct debit payment from the app.,28,direct_debit_payment_not_recognised
I need to know what is going on. I'm attempting to purchase a flat and need the money to pay on my initial mortgage payment. I'm only getting an error. Can you find out what's going on and help in making the transfer?,35,failed_transfer
"How long do transfers take, mine just says pending?",48,pending_transfer
Why are my withdrawals suddenly being declined?,26,declined_cash_withdrawal
"The past few times I've been to the ATM, I was charged a withdrawal fee. Have your policies changed regarding fees?",19,cash_withdrawal_charge
why top up is not working even if I got my American Express in Apple Bay?,2,apple_pay_or_google_pay
The ATM didn't give me what I asked for but my balance says it did,75,wrong_amount_of_cash_received
What's the reason for needing to verify my identity?,74,why_verify_identity
It seems that the rate I got is incorrect.,17,card_payment_wrong_exchange_rate
"After reviewing my charges, I see I was charged a fee for a transfer I did, why?",64,transfer_fee_charged
How can I find your exchange rates?,32,exchange_rate
Can this card be used at all ATMs?,3,atm_support
how can i get it to add money automatically while travelling,4,automatic_top_up
I left my phone somewhere and can't use the app.,42,lost_or_stolen_phone
I have a disposable card but it does not work?,72,virtual_card_not_working
I had a payment reverted and would like to figure out why.,53,reverted_card_payment?
Can I use as many top-ups as I want?,60,top_up_limits
Why was my ATM withdrawal cancelled?,26,declined_cash_withdrawal
I'm in China and need a new card. Please help.,9,card_about_to_expire
What should I do if my physical card isn't working?,14,card_not_working
Can I track my card while it is in the process of delivery?,11,card_arrival
"My card was used without my permission, what do I do?",22,compromised_card
"I have made 5 attempts to make a very standard survey, yet I can't get it to work. What is the problem? Is there an issue related to your system?",35,failed_transfer
"I have received my statement but I do not see my refund, why is that?",51,Refund_not_showing_up
Why are my transfers getting declined?,27,declined_transfer
I have a transfer that is pending.,48,pending_transfer
"I looked at my statement, and there is a charge for 1£ that I don't recognize. Why is it on there?",34,extra_charge_on_statement
"My new card isn't in my app, how do I get it in there?",13,card_linking
What are the guidelines for the disposable cards?,29,disposable_card_limits
"There seems to be an additional charge of £1 on my statement, what is the reason for this?",34,extra_charge_on_statement
I didn't set up a direct debit payment on my account.,28,direct_debit_payment_not_recognised
I've been charged an extra £1 and I don't know why,34,extra_charge_on_statement
Are top-ups allowed using Apple Pay?,2,apple_pay_or_google_pay
Can I pay with my card anywhere?,10,card_acceptance
I just looked over my statement and I don't recognize the name of a card payment.,16,card_payment_not_recognised
How much do I have to pay if I want to transfer money?,64,transfer_fee_charged
Where can I find an ATM?,3,atm_support
"After I got my cash, I found out my exchange rate was wrong.",76,wrong_exchange_rate_for_cash_withdrawal
How can I change my old pin to a new one?,21,change_pin
May I get an account for my daughter?,1,age_limit
I sent a transfer to a friend that needs it urgently. It has already been 2 hours and still hasn't come through to her. How long does it normally take?,66,transfer_not_received_by_recipient
Can you tell me more info about virtual disposable cards?,37,get_disposable_virtual_card
Can you please advise if there is something wrong with my card? I have had multiple rejections and do not know the reason. Thanks!,25,declined_card_payment
There is a direct debit fee in the App that I didn't do.,28,direct_debit_payment_not_recognised
I checked on google and the exchange rate you are using is really bad. Can you update it?,17,card_payment_wrong_exchange_rate
I bought something that I need a refund for.,52,request_refund
I would like to alter my personal details.,30,edit_personal_details
I was expecting my new card by now.,11,card_arrival
I have duplicated transactions on my statement,63,transaction_charged_twice
My card is about to expire. How do I order another?,9,card_about_to_expire
I just received my card and I'd like to activate it.,0,activate_my_card
How long will my payment be pending?,45,pending_card_payment
I tried to do a transfer and it hasn't worked!,35,failed_transfer
Seems like my top-up has failed,59,top_up_failed
Where did my money come from?,70,verify_source_of_funds
I made a cash withdrawal at an ATM but it still says pending in my account.,46,pending_cash_withdrawal
Will my other US credit card be accepted?,54,supported_cards_and_currencies
I am still waiting for a money transfer to process.,48,pending_transfer
How much is the charge for a foreign currency exchange?,31,exchange_charge
I have no idea why but my transfers keep getting declined. I have double checked all the recipient details several times already and they're definitely correct.,27,declined_transfer
The card PIN?,38,get_physical_card
I bought an item that I was charged a different exchange rate for.,17,card_payment_wrong_exchange_rate
Can i get money in my home currency at my ATM ?I am on holiday and bit concerned because i do not have any cash with me .Is it possible to withdraw without any additional cost.,76,wrong_exchange_rate_for_cash_withdrawal
Where can I find the verification code for a top-up?,71,verify_top_up
I would like to exchange currency What types are there?,33,exchange_via_app
"I've just made a money transfer to the wrong account, I need to stop the money from being moved as it may be going to someone I don't know. Please can you help?",8,cancel_transfer
I paid with my card and was charged extra,15,card_payment_fee_charged
Why is your exchange rate different on different days?,32,exchange_rate
How long do transfers take? I sent money to a friend who needs it urgently. It's been hours and has not gone through.,66,transfer_not_received_by_recipient
How can I receive a virtual card?,40,getting_virtual_card
How many days does a regular transaction take to complete? I see a pending payment that hasn't changed in the last several days.,45,pending_card_payment
I don't see any change in my balance.,5,balance_not_updated_after_bank_transfer
What is necessary for the identity verification?,69,verify_my_identity
Can someone help with my passcode?,44,passcode_forgotten
Where do you mail physical cards?,43,order_physical_card
A refund for a recent return has not arrived on my card.,51,Refund_not_showing_up
There has been a charge pending on my account statement that I can't figue out it's for a dollar.,34,extra_charge_on_statement
I was overcharged a pound.,34,extra_charge_on_statement
I need my refund as soon as possible. What else do I have to do?,51,Refund_not_showing_up
I made a cash withdrawl and there is a charge. What is this?,19,cash_withdrawal_charge
How can I sign up for a virtual card?,40,getting_virtual_card
Is there a list of where I can use my card?,10,card_acceptance
exchanging currencies costs what?,31,exchange_charge
I need more than one disposable card,29,disposable_card_limits
How can I transfer money into my account?,65,transfer_into_account
What fees are there for adding money using an international card,57,top_up_by_card_charge
Will I be charged for adding money using an international card?,57,top_up_by_card_charge
Is there a number to call to get my pin unblocked?,49,pin_blocked
What currencies and methods can i use to top up my account?,54,supported_cards_and_currencies
An extra fee has been added to my card payment is this correct?,15,card_payment_fee_charged
With what currencies can I add money?,54,supported_cards_and_currencies
Why is my deposit still pending?,6,balance_not_updated_after_cheque_or_cash_deposit
Where can I find the auto-top option?,4,automatic_top_up
There's a payment in the app I don't recognize.,16,card_payment_not_recognised
There was a charge made on my card from a couple weeks ago and I don't remember making the purchase. Nor do I remember the company itself. Can we trace this at all to confirm if I did it or not?,28,direct_debit_payment_not_recognised
Can I transfer money to my account with the app?,65,transfer_into_account
I'd like to get another card,39,getting_spare_card
Show me how to look at the source of my current funds?,70,verify_source_of_funds
I'm wanting to get a Visa card today.,73,visa_or_mastercard
Can I change my PIN in Austria?,21,change_pin
How can I locate the virtual card?,40,getting_virtual_card
"If I want to add funds to the account using American Express, how do I do that?",54,supported_cards_and_currencies
I deposited cash into my account and I'm having trouble seeing it on my account.,6,balance_not_updated_after_cheque_or_cash_deposit
Is it possible to get both Visa and Mastercard from you?,73,visa_or_mastercard
Won't let me top my card up!! Who can get it sorted out for me? It's urgent! How do I find out what the problem is with my card and how else to top it up?,59,top_up_failed
"I've got a weird problem: I purchased something a week or maybe it was two weeks ago, and the funds have come back into my account! Can you explain this?",53,reverted_card_payment?
What are the restrictions on auto top-up?,4,automatic_top_up
Can I use app to unblock my card?,49,pin_blocked
Is a tracking number available for the card that was just sent?,11,card_arrival
"My PIN has been blocked, what should I do?",49,pin_blocked
My phone has been stolen. How can I make sure no one uses my account from it?,42,lost_or_stolen_phone
"Can you send me a Mastercard, instead of a Visa?",73,visa_or_mastercard
Is there a way to verify a card top-up?,71,verify_top_up
Transfer isn't working?,35,failed_transfer
I'd prefer a Mastercard.,73,visa_or_mastercard
I entered a typo when I was transferring money and now I've sent it to an incorrect account. This is so bad! I need it cancelled now.,8,cancel_transfer
Why did I get declined when trying to get cash?,26,declined_cash_withdrawal
How can I receive money from my friend?,50,receiving_money
I don't appreciate the extra fees being siphoned from my account. I was helping some friends move to Japan and we were buying home decorations at the local stores. The receipts differed greatly from what showed up in my bank account and my statement. When can I expect the extra fees to be back in my account?,64,transfer_fee_charged
Why doesn't the person I sent money to see that transfer yet?,66,transfer_not_received_by_recipient
There is a repeat charge for the same item,63,transaction_charged_twice
The wrong exchange rate was used for my cash withdrawal,76,wrong_exchange_rate_for_cash_withdrawal
Send me my card now! ASAP,12,card_delivery_estimate
How long until transfers from Europe go through?,67,transfer_timing
I made a card payment but it didn't work. Why not?,25,declined_card_payment
I have not received an item i ordered yet so i want to cancel it and get a refund. Can you please guide me on how to go about it?,52,request_refund
Why would a transfer to a beneficiary not go through?,7,beneficiary_not_allowed
Is there extra fees for making a withdraw in a different country at a cash machine.,76,wrong_exchange_rate_for_cash_withdrawal
I have a payment I didnt make on my account,16,card_payment_not_recognised
Why can't I see the top up I made?,62,topping_up_by_card
I was getting cash and the card got stuck inside,18,card_swallowed
"I want to deposit funds, what payments are accepted?",54,supported_cards_and_currencies
"I have been waiting for my transfer, shouldn't it be here already?",67,transfer_timing
How do I go about transferring money using my credit card?,62,topping_up_by_card
How simple is it to transfer money into my account?,65,transfer_into_account
My order needs to be canceled.,52,request_refund
I am still waiting on my card?,11,card_arrival
Why would a merchant revert a card payment?,53,reverted_card_payment?
I didn't receive the correct exchange rate for an item that I bought.,17,card_payment_wrong_exchange_rate
How does the exchange rate work?,32,exchange_rate
Why am I being a charged for using my card?,15,card_payment_fee_charged
How can I change my name because I just got married?,30,edit_personal_details
Where can i find the virtual card?,40,getting_virtual_card
"I tried to top-up, why didn't it work?",59,top_up_failed
My currency rate is inaccurate.,17,card_payment_wrong_exchange_rate
Where's my virtual card,40,getting_virtual_card
How can receive a physical card,43,order_physical_card
I see a direct debit that isn't mine? How can I get my money back?,28,direct_debit_payment_not_recognised
Why has my top up been cancelled,61,top_up_reverted
"left my phone at hotel, cant use app",42,lost_or_stolen_phone
I have a payment which has not been approved.,45,pending_card_payment
Can the card was sen to me be tracked?,11,card_arrival
I placed my order a week ago. Is it ok that my card isn't here yet?,12,card_delivery_estimate
How do I use a check to top up?,58,top_up_by_cash_or_cheque
The cash I asked for still hasn't been received,75,wrong_amount_of_cash_received
Is auto top up available?,4,automatic_top_up
How long do transfers take to go though,5,balance_not_updated_after_bank_transfer
Are there any reasons that my identity wouldn't be accepted even though everything I've provided is factual?,68,unable_to_verify_identity
I recently transferred money to my account when will it show up?,5,balance_not_updated_after_bank_transfer
My transfer was declined. Why did this happen?,27,declined_transfer
Why did I get charged one pound seemingly randomly?,34,extra_charge_on_statement
Why can't I transfer money to a beneficiery?,7,beneficiary_not_allowed
Is there a way I can have a mastercard?,73,visa_or_mastercard
Why is there an extra charge on my statement.,34,extra_charge_on_statement
Please explain the extra fee when I paid with the card.,15,card_payment_fee_charged
Help me cancel a transaction.,8,cancel_transfer
I cannot remember my passcode.,44,passcode_forgotten
I am having a problem with verifying my identity.,68,unable_to_verify_identity
Please tell me which fiat currencies you support.,36,fiat_currency_support
When I exchanged currencies the value of my money changed.,76,wrong_exchange_rate_for_cash_withdrawal
Why would a cash withdrawal be pending?,46,pending_cash_withdrawal
There is a direct debit set up that I didn't create.,28,direct_debit_payment_not_recognised
"Help me please, I need to top up cash.",58,top_up_by_cash_or_cheque
"I'm having an issue with transaction. I topped up my account and saw it went through, but that was a few days ago and the money isn't in my account any more. What's up with that?",61,top_up_reverted
I see a cash withdrawal in the app that I did not do.,20,cash_withdrawal_not_recognised
"If I am in China, can I still order a new card and if so, how?",9,card_about_to_expire
"There are a couple payments with my card shown in the app that i really make myself. What's going on with this, maybe someone has access to my card?!",16,card_payment_not_recognised
Why wouldn't a transfer go through?,35,failed_transfer
how do i get a pin for my card,38,get_physical_card
How do I reactivate my card?,13,card_linking
Could google pay and top up be together?,2,apple_pay_or_google_pay
why did my payment revert,53,reverted_card_payment?
When will the transaction be done?,66,transfer_not_received_by_recipient
My transfer still says pending,48,pending_transfer
"I took out cash from the ATM, but something must have went wrong, My account shows the correct amount of cash I took out, but the ATM didn't give me that amount. How do I get my money back?",75,wrong_amount_of_cash_received
"i have been trying to add money with apple pay but it wont work, why?",2,apple_pay_or_google_pay
What do I do if I have exceeded all my PIN tries?,49,pin_blocked
I've got to have one of those virtual cards.,40,getting_virtual_card
Why has my card payment been reversed?,53,reverted_card_payment?
What is the basis of your exchange rates?,32,exchange_rate
What are the disposable cards for?,37,get_disposable_virtual_card
I was needing you to see if the exchange rate is correct from when i got cash,76,wrong_exchange_rate_for_cash_withdrawal
The amount of cash i have received is not correct.,75,wrong_amount_of_cash_received
Can you tell me what I need for identity validation?,69,verify_my_identity
How much transactions do I get with a disposable card?,29,disposable_card_limits
Where can I use my card to pay?,10,card_acceptance
What exactly is the exchange fee?,31,exchange_charge
The exchange rate for the money I took out in a foreign country is wrong.,76,wrong_exchange_rate_for_cash_withdrawal
How long will it take for a bank transfer to show up on my account? It's been a couple hours but I havnt seen anything yet. Also it's from a UK account if that makes any difference.,5,balance_not_updated_after_bank_transfer
When will my new card arrive?,11,card_arrival
Why did the top-up fail?,59,top_up_failed
Cash has been deposited this morning but it hasn't came through.,6,balance_not_updated_after_cheque_or_cash_deposit
Is there a certain age I need to be?,1,age_limit
It won't let me prove my identity.,68,unable_to_verify_identity
I tried using my card at multiple vendors and now it's not working.,14,card_not_working
If my card payment isn't working what do I do?,25,declined_card_payment
I see some transactions that I don't recognize. I think someone stole my details.,22,compromised_card
what is the word?,28,direct_debit_payment_not_recognised
Where can the pin be located?,38,get_physical_card
what documents do i need to verify who i am,69,verify_my_identity
How do I activate my new card I just got?,0,activate_my_card
how to change name on account,30,edit_personal_details
Account topping up bank transfers to my account assistance please?,65,transfer_into_account
"I shouldn't have been charged but I see a fee, why?",15,card_payment_fee_charged
How can I reset my passcode?,44,passcode_forgotten
What do I do if I can't access the app?,42,lost_or_stolen_phone
Why did my transfer get declined?,27,declined_transfer
"I want a disposable virtual card, how do I do that?",37,get_disposable_virtual_card
The rate of exchange for my cash withdrawal is wrong.,76,wrong_exchange_rate_for_cash_withdrawal
Is this card available to United States Residents?,24,country_support
Does the package with my card have tracking?,11,card_arrival
What is my source of funds?,70,verify_source_of_funds
My card will not work,14,card_not_working
Is there an additional charge to exchange currencies?,31,exchange_charge
I was making a purchase and it was declined and I wanted to know why.,27,declined_transfer
Can I apply for one of your cards if I live in the EU?,24,country_support
Why am I being charged more on exchange with things I bought abroad?,17,card_payment_wrong_exchange_rate
What do I do if I forgot my PIN?,49,pin_blocked
I have a contactless that's broken.,23,contactless_not_working
Why has my top up failed?,59,top_up_failed
I'd like to open an account for my kids can I do that?,1,age_limit
How much am I allowed to top-up?,60,top_up_limits
What country's money can I hold currency in?,36,fiat_currency_support
When should I expect my card to arrive?,12,card_delivery_estimate
My card won't physically work.,14,card_not_working
I have withdrawn cash from the ATM but it is showing in my account as a pending transation. Why is this?,46,pending_cash_withdrawal
Is there a reason my top-up has not gone through?,47,pending_top_up
Please help me get a refund?,52,request_refund
"I don't want this account anymore, how do I delete it?",55,terminate_account
Is there a limit for the amount I can top up?,60,top_up_limits
Where can I find the verification code for the top up card?,71,verify_top_up
Please tell me why the same transaction is showing up on my account more than once.,63,transaction_charged_twice
What is the source of funds for my money?,70,verify_source_of_funds
What is minimum age for an account?,1,age_limit
I made a transfer to my friend earlier and she hasn't received it yet. What's the hold up?,66,transfer_not_received_by_recipient
Will you charge for a physical card?,43,order_physical_card
Can I order a second card?,39,getting_spare_card
I am concerned that I am being doubled charged for several items purchased in the past week. Please review my statement and correct.,63,transaction_charged_twice
can i get a card if i live in the US?,24,country_support
I need to transfer some money to a friend who is in urgent need of some fast cash. How long will it take before she can use that money?,66,transfer_not_received_by_recipient
How long do you have to wait to see your virtual card your ordered?,40,getting_virtual_card
I need to stop a transaction that I made.,8,cancel_transfer
How long does it take for a new card to ship?,11,card_arrival
How can I put more money into my account?,58,top_up_by_cash_or_cheque
Why did I get charged for a transfer?,64,transfer_fee_charged
Are there businesses that don't accept this card?,10,card_acceptance
My product was faulty.,52,request_refund
is my pin the same as my passcode,38,get_physical_card
Please assist me in activating the card.,0,activate_my_card
My cash deposit isn't in my account. What happened?,6,balance_not_updated_after_cheque_or_cash_deposit
Help me order my card.,43,order_physical_card
The cash deposit I made this morning has not been credited to my account,6,balance_not_updated_after_cheque_or_cash_deposit
What is this extra pound charge for?,34,extra_charge_on_statement
Can I make a contactless payments?,23,contactless_not_working
Will I receive a new card when mine expires?,9,card_about_to_expire
Why isn't my cheque deposit showing on my account? I though it would be faster and would like to to look into it and help.,6,balance_not_updated_after_cheque_or_cash_deposit
Do i have to top-up with my credit card before I can transfer?,62,topping_up_by_card
How can I tell if my card payment is reverted?,53,reverted_card_payment?
Can you send me the actual card?,43,order_physical_card
I have not been able to use this card.,14,card_not_working
"I used my card to top up, but the money is not there!",62,topping_up_by_card
I am worried that too much time has gone by for a transfer to be completed.,66,transfer_not_received_by_recipient
Will you send me a new card in China?,9,card_about_to_expire
There is a payment showing that I know I didn't make. I didn't use my card that day and I'm sure of it. Can you please cancel that transaction and return my money? Thankyou,28,direct_debit_payment_not_recognised
Can I reset my PIN?,21,change_pin
What is your maximum top up limit per day?,60,top_up_limits
Why is my balance the same after a transfer?,5,balance_not_updated_after_bank_transfer
How old must I be to open an account?,1,age_limit
I need to change my last name on my account because I just got married.,30,edit_personal_details
"I need help to resolve mix up on my card payment. My account shows the money was taken out and then put back in the account. Then I received a message from the seller, It said that they did not get my payment.",53,reverted_card_payment?
I am trying to transfer and it has been stopped why is that,7,beneficiary_not_allowed
Why has my card been charged an extra pound?,34,extra_charge_on_statement
Should I keep waiting for my card to be delivered?,11,card_arrival
Do you deliver the PIN separately?,38,get_physical_card
IS there anywhere that a card cannot be delivered?,43,order_physical_card
I got less cash than what I specified at the ATM.,75,wrong_amount_of_cash_received
I have transactions that I don't recognize - I think someone is using my card.,22,compromised_card
Can I transfer money using the SWIFT service?,56,top_up_by_bank_transfer_charge
I added money but my top-up wasn't processed by the app.,59,top_up_failed
What types of cards and money do you accept?,54,supported_cards_and_currencies
I think the top up failed,59,top_up_failed
My transfer has been declined.,27,declined_transfer
How can I get my card out of the ATM?,18,card_swallowed
to cash withdrawals charge me?,19,cash_withdrawal_charge
I need some help now please! There are some transactions on my account that I do not remember purchasing. Can they be reversed? Can you please cancel or freeze my card so I don't keep getting charged?!,16,card_payment_not_recognised
Can I order a new card by phone?,9,card_about_to_expire
Is there a limit on how much I can top up?,60,top_up_limits
Is there a way to top up using my Apple Watch?,2,apple_pay_or_google_pay
I topped up and now my money is not there anymore! What happened to it?,61,top_up_reverted
What do I need to do to cancel a transaction?,8,cancel_transfer
There is something wrong with my card. Tried to use it a few times today in different places and it just didn't work. The transactions I tried to make were really small so not sure what's going on,14,card_not_working
"I have my residency in the US, but I would love to get a card.",24,country_support
why can't my beneficiary make transactions?,7,beneficiary_not_allowed
Can i get money back in my home currency at ATM? As I am on holiday and bit concerned because i do not have any cash with me . Is it possible to withdraw without any additional cost.,76,wrong_exchange_rate_for_cash_withdrawal
is there a reason that my payment didnt go through,25,declined_card_payment
Why doesn't my passcode work?,44,passcode_forgotten
What does it mean if my cash withdrawal does not show up properly?,46,pending_cash_withdrawal
The app rejected my top up,59,top_up_failed
I'm not seeing my cash deposit showing up in my account.,6,balance_not_updated_after_cheque_or_cash_deposit
What do I do if a transaction shows up twice?,63,transaction_charged_twice
"How long do transfers from a UK bank account usually take for you? I just made a transfer and I'm not seeing anything, wondering if it worked",5,balance_not_updated_after_bank_transfer
i cant seem to activate card,0,activate_my_card
Please explain why my top-up hasn't been processed yet?,47,pending_top_up
Can I set the account to auto top-up?,4,automatic_top_up
What are some of the restrictions that the disposable cards have?,29,disposable_card_limits
When will my transfer come through?,5,balance_not_updated_after_bank_transfer
I need more money in my account. Can I add more by transferring?,65,transfer_into_account
I am unable to use my top-up on the app. Could you explain this to me?,61,top_up_reverted
How much would an extra card cost?,39,getting_spare_card
Someone has taken my phone from my hotel room!,42,lost_or_stolen_phone
I am yet to receive the money in my account how long will this take?,67,transfer_timing
Where are the Mastercard ATMs?,3,atm_support
I got charged a service fee on my account. Can it be waived since I didn't know about it before?,15,card_payment_fee_charged
Why was I denied the option to transfer money to a selected beneficiary?,7,beneficiary_not_allowed
Why haven't I received a refund yet?,51,Refund_not_showing_up
Can you explain why my payment is still pending?,48,pending_transfer
Which ATMs accept this bill of fare ?,3,atm_support
The first payment I attempted for my card at the store earlier did not process so I had to make a second attempt. The second time it worked. It now appears I was charged twice. After looking at the app I see a pending charge. Please remove the pending amount because it is clearly not accurate and was declined.,63,transaction_charged_twice
who should i contact if my refund doesn't go through?,51,Refund_not_showing_up
The app won't let me transfer money to a beneficiary,7,beneficiary_not_allowed
Is a bank transfer acceptable for topping up my account?,65,transfer_into_account
And do you have virtual cards instead of physical ones?,40,getting_virtual_card
How to order my card?,43,order_physical_card
Who do I call to activate my new card?,0,activate_my_card
Where did this extra €1 fee on my statement come from?,34,extra_charge_on_statement
Using international ATMs messes up the exchange rate.,76,wrong_exchange_rate_for_cash_withdrawal
How do I go about verifying my identity?,69,verify_my_identity
Should my top-up be completed by now?,47,pending_top_up
Why was a fee changed for my transfer?,64,transfer_fee_charged
What value can I get for my currency?,32,exchange_rate
What do I do to Top up my card?,62,topping_up_by_card
I would like to get additional physical cards at this time,39,getting_spare_card
I didn't enjoy my tutor session and want a refund back. How do I go about doing this?,52,request_refund
Do I need a photo ID to activate a my new card?,0,activate_my_card
How will I know where my funds are coming from?,70,verify_source_of_funds
I'm unable to verify my identity,68,unable_to_verify_identity
Explain why I can't do a transfer to an account.,7,beneficiary_not_allowed
Do I have a card PIN?,38,get_physical_card
Please tell me where I can update my details since I moved.,30,edit_personal_details
My card isn't here yet.,11,card_arrival
Are there any charges for top ups?,57,top_up_by_card_charge
"I don't know my PIN, how can I find that out?",38,get_physical_card
What is the reason that my top-up is still pending?,47,pending_top_up
Do you offer account's for minors?,1,age_limit
I have a second credit card from the US. Will you take it?,54,supported_cards_and_currencies
How do I know how much money I will have when I travel abroad?,32,exchange_rate
How do I turn on my new card?,0,activate_my_card
i cannot get virtual card to work,72,virtual_card_not_working
I keep checking my statements but no progress.I requested a refund but seems it's not reaching my account for some reason. Can you please help me get the money back from the seller for me,51,Refund_not_showing_up
Please let me know how to place an order for a virtual card,40,getting_virtual_card
"I got cash from an ATM earlier but it shows up as pending in the app. How can this still be pending, I already received the cash?",46,pending_cash_withdrawal
Can you tell me how long it takes for a new card to come?,12,card_delivery_estimate
How can I change my address?,30,edit_personal_details
The app is showing mt withdrawals that aren't mine.,20,cash_withdrawal_not_recognised
Are transfers not free? I didn't know I would be charged for transfers.,64,transfer_fee_charged
My card is not able to be activated how do I get it to work?,0,activate_my_card
My card data has been exposed.,22,compromised_card
How many disposable cards can you own?,29,disposable_card_limits
How many times can I use a virtual card?,29,disposable_card_limits
I live in the US and I would like to get a card. How do I go about getting one?,24,country_support
Can I dispute a debit payment that I am seeing that I didn't make from a couple of months ago?,28,direct_debit_payment_not_recognised
There was an extra charge when I used my card,15,card_payment_fee_charged
Hi I am trying to transfer money to another country but it is showing pending and it has been a long time. I have checked numbers and they are correct. Could you please help?,48,pending_transfer
What has to be done to verify my identity?,69,verify_my_identity
There is a card payment that I'm not recognizing.,16,card_payment_not_recognised
Help me delete my account. I am not satisfied with the service.,55,terminate_account
What information do I need to gather in order to activate my card?,0,activate_my_card
My top-up didn't work.,59,top_up_failed
"Hi, I have been transferring money to my friends since morning, but all my transactions were getting failed. Can you please look into this issue.",35,failed_transfer
"i didnt make these transactions, i think my card details might be stolen",22,compromised_card
Please explain why my payment was declined? I thought everything was good.,25,declined_card_payment
Can you help me find the virtual card?,40,getting_virtual_card
need to know places i can withdraw money,3,atm_support
Can I get a full list of instructions for identity checks?,69,verify_my_identity
I noticed my card was used in a small town that I have never been to. Can you stop the card from being used more?,22,compromised_card
How long will it take for the money to reach my account?,67,transfer_timing
I need money put into this account from another one.,65,transfer_into_account
How long will it take to receive my money from my transfer transaction?,66,transfer_not_received_by_recipient
My card has been lost / stolen,41,lost_or_stolen_card
I did not ask for the amount of cash that I received.,75,wrong_amount_of_cash_received
I accidentally exceeded my PIN tries. Please advise.,49,pin_blocked
What are the limits to where my card will be accepted?,10,card_acceptance
I need help making this transfer. I keep getting an error. I'm trying to purchase a flat but i need my mortgage payment to go through first. Can you help?,35,failed_transfer
Is there a money transfer fee?,64,transfer_fee_charged
With one disposable card how many transactions can i do?,29,disposable_card_limits
Why hasn't my payment shown up yet?,45,pending_card_payment
My cash withdrawal isnt showing on my account,46,pending_cash_withdrawal
I want a physical card,43,order_physical_card
I need assistance addressing a direct debit that I did not do myself.,28,direct_debit_payment_not_recognised
Please list what fiat currencies are supported for both holding and exchanging.,36,fiat_currency_support
My purchases from this morning are showing up as payment pending. Can you tell me why?,45,pending_card_payment
How much for an actual card?,43,order_physical_card
"When my card expires soon, how fast is the replacement card sent and what are the costs?",9,card_about_to_expire
Where do I get a disposable virtual card?,37,get_disposable_virtual_card
I think I was charged double for something I bought - how long should I wait before reporting this?,63,transaction_charged_twice
What is the average pending time for a transaction?,48,pending_transfer
Why am I still waiting for a transfer?,5,balance_not_updated_after_bank_transfer
"I need to activate my card, how is that done?",0,activate_my_card
Can I pay online with my card?,10,card_acceptance
Why have my top ups been canceled?,61,top_up_reverted
Is there a transaction limit for a disposable card?,29,disposable_card_limits
How long does it take to receive my card?,12,card_delivery_estimate
"I received my card, how do I get it to work in the app?",13,card_linking
How do I order a card?,43,order_physical_card
Can I increase my top-up maximum?,60,top_up_limits
can i order cards on the app,43,order_physical_card
Is there a way to reset the passcode?,44,passcode_forgotten
How does a US resident go about acquiring a new card?,24,country_support
Why did I get charged when getting cash?,19,cash_withdrawal_charge
I need help as fast as possible! I made a mistake on my most recent transfer; can you please stop it before it goes through?,8,cancel_transfer
How do I go about verifying the top-up card?,71,verify_top_up
What do I do to activate my new card?,0,activate_my_card
can the delivery be specific to my needs?,12,card_delivery_estimate
"I'm going on a trip soon and I needed to convert my Russian ruble to UK pounds, but when I did, your company charged me above the exchange rate. Did you mess up my transaction?",17,card_payment_wrong_exchange_rate
Help me access the card I already got so I can information from it.,13,card_linking
Do you take SWIFT transfers?,56,top_up_by_bank_transfer_charge
Why am I not seeing the check I deposited this morning in my account?,6,balance_not_updated_after_cheque_or_cash_deposit
Why did I get charged a fee for my card payment?,15,card_payment_fee_charged
If I have a physical card can I link it?,13,card_linking
"I thought I lost my card but I found it today, so I would like to reactivate it.",13,card_linking
Why is there a direct debit payment on my statement that I didn't do?,28,direct_debit_payment_not_recognised
Does the app allowing exchanges between USD and GBP,33,exchange_via_app
Is there a reason why my card was declined when I attempted to withdraw money?,26,declined_cash_withdrawal
Why couldn't I make a withdrawal from the ATM?,26,declined_cash_withdrawal
What exchange rate will I receive?,32,exchange_rate
"I wanted to transfer money to another account, but now I don't have to so I'd like to cancel said transfer. How can I do that?",8,cancel_transfer
I can't find the money I just added to my account.,47,pending_top_up
I want to activate my new card.,0,activate_my_card
If my card was lost or stolen can I re-link it?,13,card_linking
Is it possible to link a new card?,13,card_linking
Where is the nearest Mastercard ATM?,3,atm_support
"I need you to stop the transfer I just started as soon as possible, I just realized it's not correct!",8,cancel_transfer
Why is there a fee for my transfer?,64,transfer_fee_charged
"A card has been sent to me, how do I track it?",11,card_arrival
Is it possible to access my phone from the hotel/,42,lost_or_stolen_phone
My daughter needs an acount.,1,age_limit
I need to cancel a purchase that I made the other day.,52,request_refund
I noticed an extra fee when I paid with my card.,15,card_payment_fee_charged
Can friends I have top-up my account?,62,topping_up_by_card
how long until a cash withdrawal will show on my account,46,pending_cash_withdrawal
"i needed money for a night out with the girls but i was declined, why?",26,declined_cash_withdrawal
Hello. I checked my transactions and saw I was double charged for a restaurant visit. Can I get my money back?,63,transaction_charged_twice
Why was I charged a fee for transferring money,64,transfer_fee_charged
Is there a problem that makes my payments show pending?,45,pending_card_payment
Can I order a card?,43,order_physical_card
Is it possible to exchange currencies?,33,exchange_via_app
My app shows a money withdrawal that I did not do.,20,cash_withdrawal_not_recognised
I would like to reactivate my card that I previously reported lost. I located the card this morning.,13,card_linking
My card payment wasn't declined,25,declined_card_payment
Do I have a choice for a Mastercard?,73,visa_or_mastercard
Which ATMs take the card?,3,atm_support
Please explain to me how to know where my funds are from.,70,verify_source_of_funds
I am just waiting for the transaction to be completed.,66,transfer_not_received_by_recipient
I made a transfer and was charged extra. Why?,64,transfer_fee_charged
Help me use American Express to add money to the account.,54,supported_cards_and_currencies
"Would you please unblock my pin? I don't know why, but it's blocked.",49,pin_blocked
"Even though I added money ey to the card, I couldn't use it",47,pending_top_up
I need someone to find out where my money has gone to? It has disappeared. I completed a top up earlier and seen it had went through. Since it has now disappeared I need to know what's going on.,61,top_up_reverted
Do I get to have one of those virtual cards I've heard about?,40,getting_virtual_card
Please tell me the types of currency I can hold.,36,fiat_currency_support
"How come my top-up didn't go through instantly, like it usually does?",47,pending_top_up
I can't get my virtual card to work.,72,virtual_card_not_working
I need assistance with activating my new card.,0,activate_my_card
Can you tell me what i need for the identity check?,69,verify_my_identity
I bought something and I take issue with the exchange rate applied.,17,card_payment_wrong_exchange_rate
do you have a fee for receiving a SEPA transfer?,56,top_up_by_bank_transfer_charge
Do i have to wait to get the pin or can i set up a pin,38,get_physical_card
"I locked myself out of my account, how do I unblock my PIN?",49,pin_blocked
I put some cash into my account but it's not displaying that on my balance.,6,balance_not_updated_after_cheque_or_cash_deposit
"If I'm getting my identity verified, what all do I need?",69,verify_my_identity
"Recently, a few weeks ago there was a transaction made on my account by some seller that I don't recognize. I am very certain that didn't happen and will like for you to trace back to make sure.",28,direct_debit_payment_not_recognised
I'm not recognizing the card payment.,16,card_payment_not_recognised
I want to cancel the transaction I made earlier,8,cancel_transfer
"Hi, I was just checking over my card transactions and notice I was charged twice for a restaurant visit this week. Can you please remove one of these false charges from my account?",63,transaction_charged_twice
How can I find out about an extra fee on my statement?,34,extra_charge_on_statement
How do I verify my new card?,0,activate_my_card
Set a new PIN please.,21,change_pin
I was charged the wrong exchange rate on a purchase,17,card_payment_wrong_exchange_rate
I think I am having an issue with withdraws on my card. It was declined on the way to work this morning. This hasn't happened in the past.,26,declined_cash_withdrawal
Report stolen card,41,lost_or_stolen_card
"Hi, i was checking my old statements and found a discrepancy with a large amount transaction. I am sure it was not done by me. Please let me know if i could raise a dispute as its very late.",28,direct_debit_payment_not_recognised
I wasn't applied the correct exchange rate when getting cash,76,wrong_exchange_rate_for_cash_withdrawal
How do you determine your exchange rates?,32,exchange_rate
It appears my transfer was declined.,27,declined_transfer
"Help! I'm missing money, I deposited a cheque but its not showing on my balance.",6,balance_not_updated_after_cheque_or_cash_deposit
Are there topping up fees if I have to transfer?,56,top_up_by_bank_transfer_charge
I need a second card on this account for my daughter.,39,getting_spare_card
I think that the card is stolen. What are my next steps?,41,lost_or_stolen_card
Why do you need verification for my identity?,74,why_verify_identity
How much are the rates of exchange?,32,exchange_rate
My payment has an incorrect exchange rate.,17,card_payment_wrong_exchange_rate
Am I able to open an account for my children?,1,age_limit
I want to get a Visa,73,visa_or_mastercard
Why was there a fee for paying by card?,15,card_payment_fee_charged
Why are my transfers getting declined? I havent had a problem in the past.,27,declined_transfer
"I double checked that I have the correct account details already, they're right for sure. Transfer is still pending since forever. It should not have been done so.",48,pending_transfer
I am unaware of what my password is.,44,passcode_forgotten
I received less cash than the amount I specified in the ATM.,75,wrong_amount_of_cash_received
What forms of payment do you accept?,54,supported_cards_and_currencies
How do I receive more physical cards,39,getting_spare_card
I cannot view the refunded amount in my account.,51,Refund_not_showing_up
My card is almost going to expire.,9,card_about_to_expire
$20 came out instead of $100,75,wrong_amount_of_cash_received
Why has my payment been reversed?,53,reverted_card_payment?
what do I need to do if the ATM kept my card?,18,card_swallowed
Top-up is not working,59,top_up_failed
Where in the app do I link a new card?,13,card_linking
I got less cash at the ATM than I asked for. Why?,75,wrong_amount_of_cash_received
What should I do if I have used all of my PIN tries?,49,pin_blocked
"With this app, will I be able to exchange currency?",33,exchange_via_app
I need to cancel a transfer I made.,8,cancel_transfer
Why hasn't my payment gone through?,45,pending_card_payment
"I thought you offer crypto top up but it doesn't seem to be right ? Money just disappeared from my account, How it would work ?",61,top_up_reverted
I exchange currencies a lot. Can I get a discount?,31,exchange_charge
"I transferred some money recently and saw a fee on my account, what's that for?",64,transfer_fee_charged
My identity can't be verified for some reason,68,unable_to_verify_identity
"I have checked my statements multiple times, but my refund that I requested a while back is not showing on my account. Is there a reason for this? Can I get some help getting my money back from this transaction?",51,Refund_not_showing_up
"My transfer is quite urgent, and finally worked out, but I've been waiting for it for quite some time. Can you tell me how long to expect to wait for it?",48,pending_transfer
I want to cancel my account.,55,terminate_account
Am I able to use my account if the identity verification is not complete?,74,why_verify_identity
"If I lost my phone at the hotel, can I still use the app?",42,lost_or_stolen_phone
Do I get charged for a top up from a European bank?,57,top_up_by_card_charge
Where is this card accepted?,10,card_acceptance
Am I able to stop a transfer?,8,cancel_transfer
I have been trying to exchange this for crypto but the app won't work could you please help me?,7,beneficiary_not_allowed
I want to transfer money using my credit card.,62,topping_up_by_card
I can't remember what my password is,44,passcode_forgotten
My cheque is taking a while,6,balance_not_updated_after_cheque_or_cash_deposit
"I used my card to make a payment a while ago and its still pending, Why is it taking so long?",45,pending_card_payment
I can't get into the app with the passcode.,44,passcode_forgotten
I would like to retract my purchase.,52,request_refund
After my card expires what should I do?,9,card_about_to_expire
I was charged a fee for a transfer.,64,transfer_fee_charged
My bag got stolen with all my cards. Can you please cancel my card and send a new one?,41,lost_or_stolen_card
How old do you have to be?,1,age_limit
Will there be any fees for top ups?,57,top_up_by_card_charge
Why did I only get $20 now the full amount I wanted?,75,wrong_amount_of_cash_received
I contacted the seller for a direct refund last week but he still hasn't give me my money. What should I do?,51,Refund_not_showing_up
Is there such thing as top up by cheque?,58,top_up_by_cash_or_cheque
Where do I have access to a virtual card?,40,getting_virtual_card
Can I automatically top-up when traveling?,4,automatic_top_up
I did not receive the correct amount for the exchange rate.,17,card_payment_wrong_exchange_rate
I'm having problems with ID verification,68,unable_to_verify_identity
I did not receive all of my cash back,75,wrong_amount_of_cash_received
What types of currencies do you accept?,54,supported_cards_and_currencies
I have a direct debit I didn't make,28,direct_debit_payment_not_recognised
Do you know how I can verify that I did a top-up to my card?,71,verify_top_up
What types of fiduciary currencies are supported for tenure and exchange?,36,fiat_currency_support
Will you charge me for topping up with a European card?,57,top_up_by_card_charge
I would like to transfer money into my account.,65,transfer_into_account
How long does it take for cards to be delivered after ordering them?,12,card_delivery_estimate
I requested a refund from a merchant but don't see the money in my account. Are you able to check with the merchant or process the refund manually?,51,Refund_not_showing_up
I paid with my card and I was charged a fee,15,card_payment_fee_charged
Where is the transfer to my account that I made?,5,balance_not_updated_after_bank_transfer
"I bought something while traveling, and the exchange rate was wrong.",17,card_payment_wrong_exchange_rate
Are there limits on the virtual cards?,29,disposable_card_limits
A fee shouldn't apply to me if my card was stolen.,41,lost_or_stolen_card
"I am adding money, what currencies do you accept to do this?",54,supported_cards_and_currencies
There is a payment with my card which i definitely did not do.,16,card_payment_not_recognised
Why won't my top up work,59,top_up_failed
Can I return an item?,52,request_refund
"What stopped my transfer, from being accepted?",35,failed_transfer
I forgot the code I need to get into the app.,44,passcode_forgotten
I lost my phone! Will my card still work?,42,lost_or_stolen_phone
"Hi, My money has not been credited to my account for which i have sent you cheque few days before. I am worried about the money please let me know the status.",6,balance_not_updated_after_cheque_or_cash_deposit
The ATM won't let me take out cash,26,declined_cash_withdrawal
"This past holiday I made a withdraw at the ATM machine, and it seems I've been charged too much.",76,wrong_exchange_rate_for_cash_withdrawal
there is a charge i dont recognize,16,card_payment_not_recognised
Which currencies do you work with?,54,supported_cards_and_currencies
Will I have to pay extra to exchange money?,31,exchange_charge
When will I see an updated balance after a transfer?,5,balance_not_updated_after_bank_transfer
A wrong amount of cash we sent to me.,75,wrong_amount_of_cash_received
How long will it take to transfer from europe?,67,transfer_timing
My transfer failed to process correctly. Is there a reason this would happen?,35,failed_transfer
Explain the activation method for this card,0,activate_my_card
I noticed that i got charged extra for using the card.,15,card_payment_fee_charged
I think I was double charged,63,transaction_charged_twice
How do I order another card?,39,getting_spare_card
Is there any way to get another card on the same account?,39,getting_spare_card
Contactless payments need to be enabled for my card.,23,contactless_not_working
The applied exchange rate is wrong for the cash I got abroad.,76,wrong_exchange_rate_for_cash_withdrawal
What are the time frames for the money to be available in my account?,67,transfer_timing
I completed a payment with my card a while ago. It's still showing up as pending. What time frame does this normally take? It doesn't appear to have worked.,45,pending_card_payment
My transfer has not arrived.,66,transfer_not_received_by_recipient
Would I be able to open an account for my daughter?,1,age_limit
When will my card be here?,12,card_delivery_estimate
Why was my account assessed a fee?,34,extra_charge_on_statement
"I deposited a check yesterday and Im not seeing it in my account. i need the money, is there something wrong with my account? check it out please",6,balance_not_updated_after_cheque_or_cash_deposit
Can you tell me why my transfer declined?,27,declined_transfer
I can't get the virtual card to work,72,virtual_card_not_working
Can I withdraw money in my hometown currency while on holiday without any additional fees?,76,wrong_exchange_rate_for_cash_withdrawal
What other fiat currencies can I use?,36,fiat_currency_support
How long does a transfer transaction take?,67,transfer_timing
"If I exchange foreign currency, are there any other charges?",31,exchange_charge
Do you charge for sending more cards?,39,getting_spare_card
I see a $1 charge in a transaction.,34,extra_charge_on_statement
Where can I find top up by cash deposit?,58,top_up_by_cash_or_cheque
Why is my exchange rate wrong?,17,card_payment_wrong_exchange_rate
"I should only have one charge, but it shows two.",63,transaction_charged_twice
can i create my own pin right away,38,get_physical_card
Do you accept credit cards from the US,54,supported_cards_and_currencies
Why has my new card still not come?,11,card_arrival
"I no longer need AUD, I need GBP instead, how can I make this happen?",33,exchange_via_app
"Please, I need your help as to whether or not you have money for a large refunded purchase I made. I requested it some time ago from the seller, but nothing is showing up.",51,Refund_not_showing_up
"It seems I've suddenly been charged for my recent ATM cash withdrawal. What's up with that? I though withdrawals are free, you never charged me so far!",19,cash_withdrawal_charge
Can I top up for free using a European card?,57,top_up_by_card_charge
WHAT IS THE SOLUTION OF THIS PROBLEM,11,card_arrival
Will it be possible to change from USD to GBP with this App?,33,exchange_via_app
Do you charge a fee on currency exchange?,31,exchange_charge
The exchange rate was messed up from the ATM,76,wrong_exchange_rate_for_cash_withdrawal
Where can I order a card?,43,order_physical_card
I do not see the money I transferred into this account,5,balance_not_updated_after_bank_transfer
what is the most money i can top up?,60,top_up_limits
What is my money worth in other countries?,32,exchange_rate
What are the countries you have offices in?,24,country_support
When I went to withdraw cash today the ATM gave me the wrong amount of cash. The app is showing a larger amount.,75,wrong_amount_of_cash_received
Why isn't my payment showing?,53,reverted_card_payment?
Why would you decline my card?,25,declined_card_payment
Why isn't my Google Pay top up working for me? Did I do something wrong?,2,apple_pay_or_google_pay
How do I auto top-up?,4,automatic_top_up
What's taking so long for this payment to go through?,45,pending_card_payment
"I have the funds, why can I not use my top-up?",59,top_up_failed
Why hasn't my transfer gone through,35,failed_transfer
What do I have to do to prove my identity?,68,unable_to_verify_identity
Which merchants accept my card?,10,card_acceptance
Which ATM's can I use to make a withdrawal?,3,atm_support
How do I request a refund?,52,request_refund
I am travelling and I tried to withdraw cash but didn't get what I was supposed to get.,76,wrong_exchange_rate_for_cash_withdrawal
The check I deposited yesterday isn't listed yet. Isn't that pretty slow? I need to see the balance increased by that check.,6,balance_not_updated_after_cheque_or_cash_deposit
"Hello, I was contacted by a seller who let me know my money didn't come through on their side. It most certainly came out of my account so I need this looked at immediately because now it has been returned to me!",53,reverted_card_payment?
"your company is awful, i would like to delete my account please",55,terminate_account
Every ATM I visit is rejecting my card and I don't know why. There should be money on it. Can you check it to see if something is wrong or if I'm doing something wrong?,26,declined_cash_withdrawal
"When I attempted to make a transfer, it failed.",35,failed_transfer
"My top up keeps showing pending? How long will things be like this? Days, weeks, months? I need the money quite urgently for an important coffee purchase, can you please let me know when top up will work?",47,pending_top_up
Is there a place to check for fee for payments? I feel like I'm getting charged too much at times.,15,card_payment_fee_charged
My billing address changed and I need to update my information.,30,edit_personal_details
Is it possible to use an ATM when I am not in the country and make a withdraw with out extra fees?,76,wrong_exchange_rate_for_cash_withdrawal
Why are top-ups being verified?,71,verify_top_up
Why do you have an identity check?,74,why_verify_identity
"I accidentally made a payment from the wrong account yesterday. It's my rent payment, and it's very large, so the account I paid from won't be able to cover the amount. It's really important that the payment be made from the right account?",8,cancel_transfer
How can I get my card out of the stupid ATM that ate it?,18,card_swallowed
I can't seem to figure out why my transfers are getting declined.,27,declined_transfer
I tried to buy something online yesterday but it kept saying declined. Tried again today but same thing happened. What's wrong?,27,declined_transfer
What fees to you have for top ups?,57,top_up_by_card_charge
At what age can a person open an account?,1,age_limit
How can I find an ATM that accepts this card?,3,atm_support
"I requested a refund from a seller a while ago, but when I check my statements it doesn't show up. Can you help me get my refund.",51,Refund_not_showing_up
What are the countries that you operate in?,24,country_support
Why is my friend not getting a transaction arrival yet?,66,transfer_not_received_by_recipient
Why does it say my transfer failed?,35,failed_transfer
I believe that my card has been stolen!,41,lost_or_stolen_card
How can many disposable cards can I have per day?,29,disposable_card_limits
"Help, I need to top up my account. Where do I send a check?",58,top_up_by_cash_or_cheque
What currencies can I use to top up my account?,65,transfer_into_account
"I need to exchange my GBP to AUD, how would I do this?",33,exchange_via_app
Hi. I noticed I have a duplicate charge which I have not made twice. Who should I talk to take care of this?,63,transaction_charged_twice
A direct debit payment I didn't do shows in my app,28,direct_debit_payment_not_recognised
"My card isn't working at all, I need assistance. It's really frustrating.",14,card_not_working
How come there is an extra fee on my statement?,34,extra_charge_on_statement
Please explain why my top-up didn't go through.,59,top_up_failed
Why does top-up need to be verified?,71,verify_top_up
I paid with my card so so why was I charged a transaction fee?,15,card_payment_fee_charged
My statement does not reflect that a refund has been issued,51,Refund_not_showing_up
Where do I need to go to change my PIN?,21,change_pin
Will I get Visa or MasterCard?,73,visa_or_mastercard
How do I edit my details?,30,edit_personal_details
I want to add funds to my account. What payment methods are accepted?,54,supported_cards_and_currencies
Where do I find our how to get a physical card?,43,order_physical_card
What countries can I use your services?,24,country_support
Why was I charged a fee on a cash withdrawal?,19,cash_withdrawal_charge
I don't recognize this withdrawal on my statement,20,cash_withdrawal_not_recognised
Do you offer disposable virtual cards too?,37,get_disposable_virtual_card
I have a friend who needs money as soon as possibly. If I were to transfer it how long will it take to get to her?,66,transfer_not_received_by_recipient
What is the verification process for a top up card?,71,verify_top_up
I would like to use one of my cards for a family member. Is that allowed?,39,getting_spare_card
The atm wouldn't give out cash,26,declined_cash_withdrawal
How can I go about getting a disposable virtual card?,37,get_disposable_virtual_card
I tried the wrong PIN too many times.,49,pin_blocked
There is a Direct Debit that looks suspicious.,28,direct_debit_payment_not_recognised
"If I exchange currencies frequently, is there a discount?",31,exchange_charge
Can I have a discount if I exchange currency often?,31,exchange_charge
My transfer seems to be too expensive.,64,transfer_fee_charged
Hi I'm sending some money over to an investment bank I do business and the transaction is being rejected. I'm not sure why as I think I have the right details.,35,failed_transfer
Why is there an extra pound charge that is pending?,34,extra_charge_on_statement
is it possible to get a refund for something I purchased?,52,request_refund
i need to trace a deposit,70,verify_source_of_funds
Tell me your opinion on the exchange rate.,32,exchange_rate
Hi! What documents can I use to verify my identity?,69,verify_my_identity
I lost track of my card,41,lost_or_stolen_card
What card or currency can I use to pay?,54,supported_cards_and_currencies
What do I do if I do not recognise a cash withdrawal?,20,cash_withdrawal_not_recognised
Can you help me track my card?,11,card_arrival
How can I create another card linked to this account?,39,getting_spare_card
The ATM gave me less cash than requested,75,wrong_amount_of_cash_received
I require verification for my source of funds.,70,verify_source_of_funds
"Why did my transfer not work, it says it was declined?",27,declined_transfer
"The expiration date for my card is coming up, how do I get a new card?",9,card_about_to_expire
How can I edit my personal details in the app?,30,edit_personal_details
Can I open an account for my children?,1,age_limit
How do I edit my personal details?,30,edit_personal_details
Hello I have a UK account. Can you please check if everything is alright with it? I made a transfer a couple hours ago but it doesn't show up yet.,5,balance_not_updated_after_bank_transfer
How can I trade currencies with this app?,33,exchange_via_app
What do I do if my smart phone was stolen?,42,lost_or_stolen_phone
Does google play offer the service to Top up?,2,apple_pay_or_google_pay
why is my top up failing,59,top_up_failed
I have a payment that hasn't went through yet.,45,pending_card_payment
My accounts been charged a payment for something I didn't make.,28,direct_debit_payment_not_recognised
I need to exchange some foreign currency. What's the charge for doing that?,31,exchange_charge
When I topped up the app reverted it.,61,top_up_reverted
"Why do you keep declining my transfers? It's been working well so far, but when I just tried to buy something, the card got declined. I tried it a few times, but same thing happened every try.",27,declined_transfer
Can you help me process a refund?,52,request_refund
How would I use a bank transfer for topping my account?,65,transfer_into_account
Can I use my card no matter where I go?,10,card_acceptance
How come my cash withdrawal came with an unnecessary fee?!,19,cash_withdrawal_charge
my virtual card has not came yet!,40,getting_virtual_card
what is going on with my cash withdrawal? the exchange rate is wrong,76,wrong_exchange_rate_for_cash_withdrawal
I entered a wrong PIN too many times. How can I fix this?,49,pin_blocked
It's been a week since you issued me a card and I still didn't get it. Should I keep waiting?,11,card_arrival
Where did the money transfer go?,66,transfer_not_received_by_recipient
My card payment still pending,45,pending_card_payment
My package is taking too long to arrive and I don't want it anymore. Can I get a refund?,52,request_refund
Can you tell me what i steps i should take since my card was stolen?,42,lost_or_stolen_phone
I tried to make a transfer like five different times. Why won't your system let me? Is it broke?,35,failed_transfer
What is the max top-up?,60,top_up_limits
"Hi, I tried to withdraw some money from an ATM and the machine was broken. It says that the transaction is still in progress. Can you double check to see what's happening? I don't want to be charged since I was not able to withdraw the money.",46,pending_cash_withdrawal
Why is my beneficiary not allowed?,7,beneficiary_not_allowed
"I just moved overseas and I noticed that you are charging me more fees. I am a loyal customer, is this how you expect to keep customers?",64,transfer_fee_charged
"lost my phone, what is account security?",42,lost_or_stolen_phone
Does the app allow for exchanges between currencies?,33,exchange_via_app
How do I get a virtual card on my device?,40,getting_virtual_card
Can I receive payment in another currency?,50,receiving_money
How do I know which payments I make will have additional fees? Where can I find this information online?,15,card_payment_fee_charged
I am inquiring about your auto top up feature.,4,automatic_top_up
I wasn't able to do a transfer to an account,7,beneficiary_not_allowed
What's the amount that I can top-up?,60,top_up_limits
How long do transfers from Europe take?,67,transfer_timing
Are there limits with top-up?,60,top_up_limits
I didn't set up the direct debit I have,28,direct_debit_payment_not_recognised
How long will it be before the person I sent money to is able to see it?,66,transfer_not_received_by_recipient
How do I get my money back for something I bought?,52,request_refund
What is this cash withdrawal on my statement?,20,cash_withdrawal_not_recognised
My balance doesn't include my latest transfer,5,balance_not_updated_after_bank_transfer
Currently I can't get my card to work.,14,card_not_working
The app reverted my recent payment,53,reverted_card_payment?
Why do I see an extra fee on my statement?,34,extra_charge_on_statement
Why am I being charged to make cash withdrawals? I thought they were supposed to be free!,19,cash_withdrawal_charge
Do you receive SWIFT transfers?,56,top_up_by_bank_transfer_charge
When will my payment go through?,45,pending_card_payment
Why have I not yet received my virtual card?,40,getting_virtual_card
When will my card come? I need it as soon as possible!,12,card_delivery_estimate
Is there a way to find an ATM around me?,3,atm_support
Are there any restrictions on where I use this card?,10,card_acceptance
what is source of my money,70,verify_source_of_funds
"Hello, I have a pending transaction in my account due to an ATM machine that wasn't working. In any case if the transaction goes through, after how long can I get my money back?",46,pending_cash_withdrawal
How do I get my card on the app?,13,card_linking
The top-up verification code is not visible.,71,verify_top_up
I got a €1 extra fee in my statement,34,extra_charge_on_statement
What do I do if i accidentally broke my card?,14,card_not_working
I entered the pin incorrectly too many times and now it is blocked. Can you help?,49,pin_blocked
Which ATMs accept Mastercard?,3,atm_support
Please list the countries you support.,24,country_support
"I would like a disposable virtual card, could I get one?",37,get_disposable_virtual_card
Can you transfer money to your card by bank transfer?,65,transfer_into_account
My transfer didn't work how come?,35,failed_transfer
I'm looking for a machine of yours that will provide me cash from my home country. I went on holiday and don't have any cash on me. Will your machine charge me extra to do this?,76,wrong_exchange_rate_for_cash_withdrawal
My balance is not right. It has not been updated for the cash or cheque deposit.,6,balance_not_updated_after_cheque_or_cash_deposit
Please explain the exchange rates.,32,exchange_rate
I want to get a refund.,52,request_refund
What identification is required to activate my card?,0,activate_my_card
"I need to get a card, how do I do that?",43,order_physical_card
"I used to know my password, but not anymore.",44,passcode_forgotten
How do I add my new card to the app?,13,card_linking
Why was I charged an additional fee when paying with card?,15,card_payment_fee_charged
where do i find out about exchange fees,31,exchange_charge
I need to update my demographics.,30,edit_personal_details
Can you tell me why my transfer is failing and help resolve?,35,failed_transfer
Can I change my card PIN?,21,change_pin
I notice that I have a card payment that's been cancelled.,53,reverted_card_payment?
Can someone please explain to me where my source of funds came from?,70,verify_source_of_funds
Why do we need to verify top-up?,71,verify_top_up
How long does it take for a refund to appear?,51,Refund_not_showing_up
I need my card soon.,12,card_delivery_estimate
My card got charged twice for the same thing!,63,transaction_charged_twice
My app shows cash I didn't get.,20,cash_withdrawal_not_recognised
How can I fund another account with my American Express?,54,supported_cards_and_currencies
I got my card a few days ago but am unable to top up. I'm thinking about closing my account because of this. What is going on?,59,top_up_failed
how long does it take to get my card i am in a rush,12,card_delivery_estimate
I need to add my new address now that I've moved.,30,edit_personal_details
I've been using my account while abroad for a while but only recently I've been charged a fee. Why am I only being charged a fee now.,64,transfer_fee_charged
Google Pay isn't working. What is wrong?,2,apple_pay_or_google_pay
I got charged two times for a transaction,63,transaction_charged_twice
I sees some suspicious spending on my credit card that I don't recall I had made. What should I do?,22,compromised_card
Why has my payment not transferred?,35,failed_transfer
Why isn't my money from a check deposit showing?,6,balance_not_updated_after_cheque_or_cash_deposit
"my balance has not changed, despite depositing a cheque",6,balance_not_updated_after_cheque_or_cash_deposit
I don't have my passcode to access the app.,44,passcode_forgotten
I moved and would like to change my address.,30,edit_personal_details
Why hasn't my account updated?,6,balance_not_updated_after_cheque_or_cash_deposit
Explain how to verify my identity?,69,verify_my_identity
I was charged for getting cash.,19,cash_withdrawal_charge
I used an ATM and wanted to know why I was charged an extra fee.,19,cash_withdrawal_charge
"How long do transfers to international banks take? I made one to france a couple of days ago, but it's still not there.",5,balance_not_updated_after_bank_transfer
Where can I link a new card?,13,card_linking
What kind of ATMs would this card be accepted at?,3,atm_support
Can I deposit a check?,58,top_up_by_cash_or_cheque
I would like to know more about what a disposable virtual card is?,37,get_disposable_virtual_card
"Give me my card, I need it now!",12,card_delivery_estimate
"This is not right, I was told I could take out cash at the ATM for free?",19,cash_withdrawal_charge
I have not received my pin yet,38,get_physical_card
Why am I being charged for ATM fees?,19,cash_withdrawal_charge
Is there a way to use this app with a disposable virtual card?,37,get_disposable_virtual_card
Why is my transfer taking so long to complete?,66,transfer_not_received_by_recipient
Can I change or hold different currency?,36,fiat_currency_support
My credit card was just denied for top up! Can you tell me why this happened and what's going on?,59,top_up_failed
"Hello, I didn't receive the right amount on my ATM transaction, the app shows the correct amount how can we fix this",75,wrong_amount_of_cash_received
The card payment is declined. Please inform me why.,25,declined_card_payment
Why were there additional charges when I transferred funds?,64,transfer_fee_charged
How can i get new card?,23,contactless_not_working
I can't find any option to top up with a cheque?,58,top_up_by_cash_or_cheque
Where do I go to unblock my PIN?,49,pin_blocked
Is it possible to get one of your cards in the European Union?,24,country_support
How much to exchange currencies?,31,exchange_charge
Is going to a bank only way to change my PIN?,21,change_pin
What is the charge for exchanging currencies?,31,exchange_charge
Where can money withdrawals be made?,3,atm_support
"My withdrawal is pending, why?",46,pending_cash_withdrawal
How long does a payment show as pending before i should worry about it?,45,pending_card_payment
I forgot my pin and am blocked now. Can I reset it somewhere?,49,pin_blocked
What is the top up code for?,71,verify_top_up
Can I get a new card even though I am in China?,9,card_about_to_expire
WHAT IS THE ATMOSPHERE OF IT,10,card_acceptance
"In reviewing my statement, I show I have two charges for the same purchase at the same time, which I have not made in duplicate? How do I get this solved?",63,transaction_charged_twice
What countries are you supporting?,24,country_support
I've forgotten my app passcode completely.,44,passcode_forgotten
"My PIN number was incorrect, and I can't access it.",49,pin_blocked
make my account go away,55,terminate_account
My account shows up as pending after I received cash from the ATM earlier. How can this be still pending? I've got the cash already.,46,pending_cash_withdrawal
Why is my last transfer pending?,48,pending_transfer
Could you please tell me your exchange rates?,32,exchange_rate
"I put cash in my account, but I don't see it.",6,balance_not_updated_after_cheque_or_cash_deposit
I've got charges on my account I did not authorize. Can I get this money back from the last couple of days that it's been coming out? I also need to freeze my card.,16,card_payment_not_recognised
I am trying to revert a transcation I did this morning,8,cancel_transfer
I want to change my PIN.,21,change_pin
"My PIN got blocked, help.",49,pin_blocked
Help! I forgot my password.,44,passcode_forgotten
"Hi, I want to inquire about my balance. Some cash was deposited and it hasn't updated yet.",6,balance_not_updated_after_cheque_or_cash_deposit
What do I do if my card gets broken?,14,card_not_working
When does a UK transfer show up?,5,balance_not_updated_after_bank_transfer
I'm trying to use a cheque to top up,58,top_up_by_cash_or_cheque
What are the disposable cards restrictions?,29,disposable_card_limits
Why did I only get $20 when I asked for $100?,75,wrong_amount_of_cash_received
How long will a transfer be pending for?,48,pending_transfer
I need you to delete my account right now.,55,terminate_account
Why hasn't my withdrawal shown on my statement?,46,pending_cash_withdrawal
My card is about to expired what will happen?,9,card_about_to_expire
At what age can I open an account?,1,age_limit
Where do I access the auto top-up function?,4,automatic_top_up
I would like to cancel my account.,55,terminate_account
Why check my identity?,74,why_verify_identity
If I want my son to have his own account is that possible?,1,age_limit
I exchanged cash when traveling and the rate was incorrect.,76,wrong_exchange_rate_for_cash_withdrawal
how do i see what i transferred,5,balance_not_updated_after_bank_transfer
Why are you asking so many questions about who I am,74,why_verify_identity
"I no longer want to transfer funds, can we cancel that transaction?",8,cancel_transfer
The $1.00 has still not been reverted as indicated in the previous email.,34,extra_charge_on_statement
Why was my exchange rate a different amount than usual?,17,card_payment_wrong_exchange_rate
I just have one additional card from the USA. Do you support that?,54,supported_cards_and_currencies
A mortgage payment I'm making is giving me an error message. This is the first time I'm making this payment and want to know what's wrong.,35,failed_transfer
I got charged twice for the same payment. Please removed the pending payment. Thank you.,63,transaction_charged_twice
I need a new login code,44,passcode_forgotten
Has my account been frozen? I tried to use my card but the ATM would not dispense cash.,26,declined_cash_withdrawal
Would I be able to top up as much as I can?,60,top_up_limits
Is there a way to reset my PIN?,49,pin_blocked
Why would the app revert my payment?,53,reverted_card_payment?
Unsure how to provide my identity.,68,unable_to_verify_identity
"I'm not sure what is going on here. I've received payment back into my account for an item I've already received, from about 2 weeks ago.",53,reverted_card_payment?
What is the reason for the fee charge on my transfer?,64,transfer_fee_charged
I prefer Mastecard.,73,visa_or_mastercard
Is the 1 pound charge going to be reimbursed on my card?,34,extra_charge_on_statement
where exactly does money come from,70,verify_source_of_funds
Is there a top-up fee if you add money in USD?,57,top_up_by_card_charge
A direct debit payment that I didn't authorise shows up in my app.,28,direct_debit_payment_not_recognised
Please help my find out why there is an odd direct debit in my records.,28,direct_debit_payment_not_recognised
I see an extra 1£ charge on my app. Why did It charge me extra?,34,extra_charge_on_statement
Why did you charge me extra for withdrawing money?,19,cash_withdrawal_charge
I can't use my card because it is not working.,14,card_not_working
I use my card internationally to manage payments and I just noticed that you are adding additional fees. Why? I am a good customer and this has me thinking about leaving.,64,transfer_fee_charged
How do I go about getting an actual card?,43,order_physical_card
"Hi, Could you please help me as someone has stolen my wallet few hours ago. And a withdrawal is made, please help immediately. As i don't want to suffer more.",20,cash_withdrawal_not_recognised
There is a charge for 1£ on my statement. I do not think that I bought anything that costed 1£. What is going on?,34,extra_charge_on_statement
I can't find my card! Can you help?,41,lost_or_stolen_card
Is there a fee that comes with transfers?,64,transfer_fee_charged
Why have I all of a sudden been charged for my ATM withdrawal? I thought the withdrawals were free because this is the first time I've ever had this problem.,19,cash_withdrawal_charge
The app says I got cash from an ATM but I didn't,20,cash_withdrawal_not_recognised
"I tried to get money out of an ATM in Notting Hill earlier, but it didn't work. Is my card actually working? It's the first time I tried using it",26,declined_cash_withdrawal
Do you guys have any age restrictions?,1,age_limit
Can I add a card to back into the app?,13,card_linking
Are there restrictions on disposable virtual cards?,29,disposable_card_limits
"If I get another card, what kind of fees am I looking at?",39,getting_spare_card
Can I get my card fast tracked?,12,card_delivery_estimate
How do you decide what the exchange rates are?,32,exchange_rate
"I know this very late, but I just went through my statements from the last couple months and there's one quite large-ish payment that I definitely haven't made. Is it still possible to dispute it?",28,direct_debit_payment_not_recognised
What is with the need to have all my ID information?,74,why_verify_identity
How do i receive a physical card?,43,order_physical_card
How are exchange rates determined?,32,exchange_rate
I had to pay money for paying with my card.,15,card_payment_fee_charged
where do I go to top up with cash?,58,top_up_by_cash_or_cheque
Can I track history on funds?,70,verify_source_of_funds
What documents do I need to validate my identity?,69,verify_my_identity
Where do I scan my card?,13,card_linking
I have a duplicate payment on my account,63,transaction_charged_twice
I'm being charged for using my card!,15,card_payment_fee_charged
"I need to know this, where do my funds come from?",70,verify_source_of_funds
Can I get a disposable card? How many can I have? How often can I use them?,29,disposable_card_limits
I got declined when attempting a transfer,27,declined_transfer
I just bought an item and changed my mind. I have not received it yet how can I get refunded. Thank you.,52,request_refund
What do I do if I have been charged twice?,63,transaction_charged_twice
I've been waiting for over an hour for a top up to go through. How long is this supposed to take? I really need this money.,47,pending_top_up
I think that somebody is utilizing my card without my authorization!,22,compromised_card
How often can I top up?,60,top_up_limits
I thought crypto top up with something you offered and it does not appear that it's working even though the money has disappeared out of my account. Can you tell me what's going on?,61,top_up_reverted
How many cards can I have?,39,getting_spare_card
I need several disposable cards made per day.,29,disposable_card_limits
Do you know when the withdrawal will show?,46,pending_cash_withdrawal
You can use it anywhere that accepts Mastercard.,10,card_acceptance
"Hello, I tried to take out some money out of the ATM, but it's still showing that it's pending? I really don't want to be charged for this.",46,pending_cash_withdrawal
How can I exchange USD and GBP in the app?,33,exchange_via_app
HOW LONG THE CARD VALIDITY,14,card_not_working
I seem to of forgotten my passcode.,44,passcode_forgotten
Can I use my Apple watch to fill my gas tank?,2,apple_pay_or_google_pay
Can you tell me my code to get into the app?,44,passcode_forgotten
"So, I was just charged for my recent ATM withdrawal and any withdrawal prior to this has been free. What is the issue here?",19,cash_withdrawal_charge
"I deposited a cheque, but my account balance stayed the same.",6,balance_not_updated_after_cheque_or_cash_deposit
Can I top-up automatically?,4,automatic_top_up
What's the problem? I thought you offered crypto top up. This doesn't appear to be working at all. My money has now vanished from my account.,61,top_up_reverted
What currences are available for exchange?,33,exchange_via_app
Can you please explain why the exchange rate for the item I bought is wrong?,17,card_payment_wrong_exchange_rate
My refund is still pending,51,Refund_not_showing_up
"Would you please check my Card. As Withdrawal was working fine so far, but this morning suddenly got declined. Can you please check the problem?",26,declined_cash_withdrawal
How often am I able to top-up?,60,top_up_limits
I asked for a refund but its not here yet,51,Refund_not_showing_up
What is needed for my daughter to open an account?,1,age_limit
My top up doesn't work,59,top_up_failed
What steps do I have to take to change my PIN?,21,change_pin
I used the wrong account.,8,cancel_transfer
I have a disposable virtual card. Is there a limit to how many times I can use it?,29,disposable_card_limits
The refund isn't appearing in my account,51,Refund_not_showing_up
are there any country restrictions?,24,country_support
I don't have a password.,44,passcode_forgotten
"I'm not sure what to do about the PIN, because I don't have one yet.",38,get_physical_card
"Hi, Today i have withdrawn cash from ATM but i got wrong amount and in the app it is showing much more amount than that.",75,wrong_amount_of_cash_received
Is there an issue with my card payment as it has not gone through.,25,declined_card_payment
I tried to transfer but it was declined,27,declined_transfer
I need immediate assistance in canceling a transfer which was a mistake. Please help me quickly so this does not go through.,8,cancel_transfer
"How long is a top up supposed to be pending, because an hour is too long! Can you fix this to go through?",47,pending_top_up
"Why is my transfer not working? I tried multiple times to transfer money, and all that happens is an error message pops up.",7,beneficiary_not_allowed
"I would like to delete my account now, please.",55,terminate_account
I was charged twice for a few things this week when I only bought one. What do I do?,63,transaction_charged_twice
Can I get a few more physical cards?,39,getting_spare_card
What is needed to activate my card?,0,activate_my_card
What are age requirements for opening an account?,1,age_limit
Where can I use this card?,10,card_acceptance
"While doing a transfer, it says declined.",27,declined_transfer
Am I charged a fee to transfer funds?,64,transfer_fee_charged
I have young kids. Can they use this service?,1,age_limit
Where do I get a virtual card?,40,getting_virtual_card
"The transfer keeps failing - I tried to transfer some money to friends this morning but it keeps getting rejected for some reason, I have no idea why",35,failed_transfer
I want to top up my account. Can I do it with Google Pay?,2,apple_pay_or_google_pay
How do you top up with a cheque?,58,top_up_by_cash_or_cheque
Are there any fees when exchanging to foreign currencies?,31,exchange_charge
I want a virtual card that is disposable,37,get_disposable_virtual_card
My last name has changed and I need to update my account details.,30,edit_personal_details
I have been charged twice for the same transaction.,63,transaction_charged_twice
Is the cash withdrawal going to show?,46,pending_cash_withdrawal
"There is an extra $1 charge on my statement, why is that?",34,extra_charge_on_statement
Is there a specific source that the exchange rate for the transfer I'm planning on making is pulled from?,32,exchange_rate
For some reason my card payment didn't work,25,declined_card_payment
why do I have a pending payment?,45,pending_card_payment
"According to the app, I got cash from an ATM but I haven't made any transactions.",20,cash_withdrawal_not_recognised
I've been trying to make a transfer and it hasn't gone through. Now I am receiving an error message. What is the problem?,7,beneficiary_not_allowed
"I need an actual card that I can hold in my hand, how do I do that?",43,order_physical_card
How can I get my Google pay top up to work?,2,apple_pay_or_google_pay
I am afraid to give you all my identify details.,74,why_verify_identity
"I think that someone may be using my card, but I'm not sure,.",22,compromised_card
How long will my top-up stay pending?,47,pending_top_up
Changing my PIN,21,change_pin
When will my transfer from the US get here?,67,transfer_timing
I believe a wrong exchange rate was applied towards a cash transaction I made abroad.,76,wrong_exchange_rate_for_cash_withdrawal
The card has suffered a security breach.,22,compromised_card
What can I do to make my physical card work?,14,card_not_working
let me know how many disposable cards I can have?,29,disposable_card_limits
My card activation is failing.,0,activate_my_card
can i get a virtual card online,37,get_disposable_virtual_card
My Google pay top up isn't working. Help.,2,apple_pay_or_google_pay
I would like to receive a refund for something I bought.,52,request_refund
Something's wrong my card won't work.,14,card_not_working
Am I limited on the amount of disposable cards I can possess?,29,disposable_card_limits
Someone stole my card!,41,lost_or_stolen_card
My card don't work.,14,card_not_working
My cheque is slow to cash,6,balance_not_updated_after_cheque_or_cash_deposit
I made a transfer recently but it has not changed on my dashboard.,48,pending_transfer
What is the first step I need to make for being able to access my account?,74,why_verify_identity
Why did my exchange rate change?,76,wrong_exchange_rate_for_cash_withdrawal
I was using a foreign currecy to make a payment and the applied the wrong rate.,17,card_payment_wrong_exchange_rate
why was i charged a small amount,34,extra_charge_on_statement
Why did I get charged for withdrawing cash?,19,cash_withdrawal_charge
How can I choose between Visa and Mastercard?,73,visa_or_mastercard
What is the verification process used for?,71,verify_top_up
"I was charged a fee for the transfer, but can you tell me why?",64,transfer_fee_charged
"I just went through a old statement and noticed that a very large payment went through and i did not make it. It was from a few months ago, can I still dispute the payment?",28,direct_debit_payment_not_recognised
"I purchased something and the seller hasn't received the money yet, but it has been deducted from my account.",53,reverted_card_payment?
My card payment has not been withdrawn from my account,53,reverted_card_payment?
"I completed a transfer within the UK two days ago, but it is still not showing received. I have verified the account number is correct already. Is there anything else I need to do or is there a problem?",66,transfer_not_received_by_recipient
Why was I unable to finish this transfer?,35,failed_transfer
Is the 1 pound charge I can see an error or an incorrect entry?,34,extra_charge_on_statement
How old do you need to be to use the banks services?,1,age_limit
"How long does the ""pending"" period of a transfer take?",48,pending_transfer
i dont recognize a charge on my card,16,card_payment_not_recognised
Why isn't my refund showing up?,51,Refund_not_showing_up
Top up is not working even though I have my AMEX in apple pay.,2,apple_pay_or_google_pay
Why is checking my identity important?,74,why_verify_identity
I recently bought something in foreign currency and I am unsure of the exchange rate. Is this rate applied correctly?,17,card_payment_wrong_exchange_rate
I want to use a payment card to top up my account. How can I do this?,54,supported_cards_and_currencies
I recently bought something abroad but the exchange rate is incorrect. Why?,17,card_payment_wrong_exchange_rate
Is there a charge for exchanging foreign currencies?,31,exchange_charge
Please tell me why the purchase I made online returned payment. I really wanted this item and I've been trying for 2 weeks.,53,reverted_card_payment?
Are you able to make exchanges to EUR?,36,fiat_currency_support
How do a reverse a duplicated charge?,63,transaction_charged_twice
Why didn't my payment process,45,pending_card_payment
I cancelled my card payment,53,reverted_card_payment?
"I have used all my PIN tries, what now?",49,pin_blocked
"I just noticed that I supposedly made a payment to a seller a while back. The problem is, I don't recognize the seller. There must be a way to see who it is or track the payment. Can you do that, because I don't remember this transaction?",28,direct_debit_payment_not_recognised
I believe my card payment has reverted,53,reverted_card_payment?
With my credit card i would like to transfer money.,62,topping_up_by_card
My card did not work at store.,25,declined_card_payment
"With my new card, how may I activate it?",0,activate_my_card
Why did I get declined during a transfer?,27,declined_transfer
Will my pin number be sent with my card?,38,get_physical_card
How can I investigate a missing refund?,51,Refund_not_showing_up
How much do you charge for exchange rates?,31,exchange_charge
"If someone sends me money, will I be charged?",56,top_up_by_bank_transfer_charge
Can it be delivered on a certain date?,12,card_delivery_estimate
I was supposed to get a refund but I do not see it on my statement. When is it going to be updated?,51,Refund_not_showing_up
Why was my atm withdrawl declined,26,declined_cash_withdrawal
What is the delivery time to the US?,12,card_delivery_estimate
What's the limit for auto top-up?,4,automatic_top_up
I don't know what a pending payment is.,45,pending_card_payment
A payment on my statement is wrong.,16,card_payment_not_recognised
What is not accepted in order for me to top up my account?,58,top_up_by_cash_or_cheque
Why did it cost money to transfer funds?,64,transfer_fee_charged
I need to exchange foreign currency will i be charged?,31,exchange_charge
"I'm not happy, I want to close my account.",55,terminate_account
What flat currencies do you support for holding and exchange?,36,fiat_currency_support
How can disposable cards be used?,37,get_disposable_virtual_card
"Hi! A seller that I requested a refund from a long time ago has yet to send the money into my account, even though I keep checking it. Can the seller be contacted by you guys to see what's going on?",51,Refund_not_showing_up
I'd like to know what you guys look at to decide an exchange rate,32,exchange_rate
I really need to top-up my card today urgently but my card keeps getting declined!! Can you please help me with this problem or let me know if you have any alternatives,59,top_up_failed
The attempted transfer failed.,35,failed_transfer
Will you charge me more if I top up with an international card?,57,top_up_by_card_charge
I didn't make a payment that shows in my app.,16,card_payment_not_recognised
How do I find out what countries you service and what countries you do not?,24,country_support
Is there a fee for european bank cards?,57,top_up_by_card_charge
What do I do now that I can't use this card?,14,card_not_working
I need to know when a payment will actually go through. I completed a payment using my card but it is just showing as pending at this point and it has been a while ago.,45,pending_card_payment
when i travel can it top up automatically,4,automatic_top_up
"If my card expires next month, will I need to order a new one?",9,card_about_to_expire
The payment on my card shows as pending.,45,pending_card_payment
My card was stolen. What do I need to do?,41,lost_or_stolen_card
Do the disposable cards have a transaction limit?,29,disposable_card_limits
I don't know my password anymore.,44,passcode_forgotten
Im not sure if a seller is giving me my money back! I asked them to refund my money for the item but It's been a week now and still nothing has been given back to me. Can you resolve this for me?,51,Refund_not_showing_up
I know I'm getting a new card but would like know when I can expect to receive it.,11,card_arrival
I tried withdrawing but my cash is not showing up?,75,wrong_amount_of_cash_received
"I can't be sure, but I think that someone may be using my card.",22,compromised_card
Please delete this account.,55,terminate_account
How do I order a replacement for stolen card?,22,compromised_card
I tried to get gas but my money was gone!,62,topping_up_by_card
I have a top up card. Where is the verification code?,71,verify_top_up
The transfer was accepted but now it's stuck on pending. When will it go through?,48,pending_transfer
Where are my funds? I topped off my car but it didn't seem to complete.,47,pending_top_up
Please tell me how the exchange rate is determined. I was expecting more money for the transaction.,76,wrong_exchange_rate_for_cash_withdrawal
stop the transaction,8,cancel_transfer
What can I expect if I use bank transfer to top up my account?,65,transfer_into_account
Can you tell me why I was charged $1 for a transaction?,34,extra_charge_on_statement
I was charged a fee for withdrawing cash.,19,cash_withdrawal_charge
Can I use a check to top up?,58,top_up_by_cash_or_cheque
Please provide currency exchange rates,31,exchange_charge
Why did you charge a fee when I withdrew from an ATM?,19,cash_withdrawal_charge
I don't have a virtual card - how do I get one?,40,getting_virtual_card
I haven't been sent my new pin!,38,get_physical_card
Why are there fees for using a card?,15,card_payment_fee_charged
I don't need to transfer anymore and I want to cancel it.,8,cancel_transfer
How do I modify my account details?,30,edit_personal_details
Why was I charged twice for my item!,63,transaction_charged_twice
Can I be charged for exchanging foreign currency?,31,exchange_charge
What do I do if my disposable virtual card doesn't work?,72,virtual_card_not_working
I made a cash withdraw and it shows up as pending why is that?,46,pending_cash_withdrawal
"I transferred money to a receiver within the EU and they received a lesser amount than expected. Now I will have to send additional money to the receiver in order to make up the difference. I'm not sure what went wrong, can you please advise?",64,transfer_fee_charged
Why wont the ATM give me cash?,26,declined_cash_withdrawal
Hello. Can you help figure out why the recent transfer from my UK bank account isn't showing up?,5,balance_not_updated_after_bank_transfer
How do I change my last name?,30,edit_personal_details
Can my PIN changed remotely without visiting a bank?,21,change_pin
My card is showing multiple charges for the same items on my recent statement. I was wondering what actions of needed to take to fix this issue,63,transaction_charged_twice
How can I replace an expired card?,9,card_about_to_expire
I withdrew some cash and the exchange rate seems to be wrong.,76,wrong_exchange_rate_for_cash_withdrawal
How can we correct a mistake on an ATM transaction? The app shows what I should have gotten.,75,wrong_amount_of_cash_received
Why is my PIN blocked?,49,pin_blocked
What is the refund process?,52,request_refund
where do I top up my google pay?,2,apple_pay_or_google_pay
Why is there an uknown charge showing on my account?,16,card_payment_not_recognised
"My card info was stolen, what do I do?",22,compromised_card
How many times can I auto top-up?,4,automatic_top_up
Why is there a fee associated with card use?,15,card_payment_fee_charged
How does a disposable virtual card work?,37,get_disposable_virtual_card
How do I fix a transaction to the wrong account?,8,cancel_transfer
Please give me both a visa and a mastercard.,73,visa_or_mastercard
Are there limits to businesses that will accept this card?,10,card_acceptance
Someone used my card without my permission.,22,compromised_card
"Hello, I'm a brand new customer and tried topping up for the first time today. It has been pending for half an hour and doesn't seem to be working. Please resolve this.",47,pending_top_up
Are there any specific cash machines that I have to go to in order to change my PIN?,21,change_pin
What forms of ID do you need for identity verification?,69,verify_my_identity
"When I top-up, the app reverts it.",61,top_up_reverted
Why did you charge me extra?,34,extra_charge_on_statement
A couple weeks ago there was a debit taken from my account from a transaction I don't recall. Is it possible to trace this transaction to make sure I'm not being scammed?,28,direct_debit_payment_not_recognised
Why hasn't my payment gone through yet?,45,pending_card_payment
What is the charge to make a transfer,56,top_up_by_bank_transfer_charge
How do I return something for a full refund?,52,request_refund
I tried to withdraw cash at an ATM in the city center but my card was declined. The transaction is still showing up as pending - please cancel it!,46,pending_cash_withdrawal
Where'd the rest of my cash go from the ATM,75,wrong_amount_of_cash_received
I don't have the device I used to log onto the platform so I can't access it.,42,lost_or_stolen_phone
I have a transaction showing multiple times.,63,transaction_charged_twice
Are there any limit on the auto top-up?,4,automatic_top_up
Did my transfer fail?,35,failed_transfer
I am not satisfied with your service. Close my account.,55,terminate_account
Can you change the rate for the item I bought in a different currency as it is wrong?,17,card_payment_wrong_exchange_rate
do i need to wait for my card before i get pin,38,get_physical_card
I have been waiting for my top-up to complete and it still hasn't gone through.,47,pending_top_up
I did a transfer. What is the extra fee?,64,transfer_fee_charged
Mastercard is preferred to me.,73,visa_or_mastercard
It shows that the transfer on my account wasn't allowed.,7,beneficiary_not_allowed
My phone is at the hotel. How can I use the app?,42,lost_or_stolen_phone
I was supposed to get a refund but I do not see it.,51,Refund_not_showing_up
My money disappeared! Please help??,61,top_up_reverted
Why do you have the identity check,74,why_verify_identity
Please cancel the transfer I just made. I put in the wrong account number and can't seem to stop it on the app.,8,cancel_transfer
I need to move money to another beneficiary. Why is it not working?,7,beneficiary_not_allowed
"I tried to get some with-drawls but the machine didn't work. The transaction still seems in progress.Seems like something is wrong,I don't want to be charged for Transaction i did not make.",46,pending_cash_withdrawal
who can put money in my account?,70,verify_source_of_funds
I selected to withdrawal 30 pounds but only received 10. I'm still standing in front of the ATM. The app shows i took out 30 pounds also. How do i fix this?,75,wrong_amount_of_cash_received
Can you tell me the countries you operate in?,24,country_support
What is taking so long with my refund?,51,Refund_not_showing_up
How long will this transfer from europe take?,67,transfer_timing
Is it possible for a person who lives in the US to get a card?,24,country_support
"How long do EU transfers take? I bought something online a couple of days ago , sent the money immediately online but the seller says it is still not there yet.",48,pending_transfer
I would like to return my purchases,52,request_refund
Please help. There is a payment in the app that isn't mine.,16,card_payment_not_recognised
"On the card that is coming, what's the tracking info?",11,card_arrival
what is the status of my refund,51,Refund_not_showing_up
"I would like to close my account, as I'm not happy.",55,terminate_account
Is there a fee for currency exchange?,31,exchange_charge
How many payments can I make using a virtual card?,29,disposable_card_limits
I want to know why my top-up was reverted,61,top_up_reverted
Is my card frozen?,14,card_not_working
I lost my passcode.,44,passcode_forgotten
€1 was in my statement as an extra fee.,34,extra_charge_on_statement
How to exchange my currency,33,exchange_via_app
I need to find the card I received in the app.,13,card_linking
how come my transfer declined,27,declined_transfer
How do i verify my card?,71,verify_top_up
How many transactions can I do with a disposable card?,29,disposable_card_limits
Why is my withdrawal from the ATM still showing as pending?,46,pending_cash_withdrawal
My contactless payments don't work.,23,contactless_not_working
"Some cash was withdrawn in the app, but I did not do it.",20,cash_withdrawal_not_recognised
Can I get a new pin number at any ATM using my card?,21,change_pin
How do I deactivate my account?,55,terminate_account
Why can't I get cash out?,26,declined_cash_withdrawal
Why is my card being declined when I try to do a top-up? How can this be immediately resolved?,59,top_up_failed
Which establishments will accept my card?,10,card_acceptance
Why was I charged a fee to transfer money?,64,transfer_fee_charged
Do you have support for flat currencies?,36,fiat_currency_support
I believe my card has been compromised because of a strange withdrawal,20,cash_withdrawal_not_recognised
How long will the $1 charge show as pending?,34,extra_charge_on_statement
What do I do if I can't prove my identity?,68,unable_to_verify_identity
The purchase I made is still pending.,45,pending_card_payment
There is unexpected money in my account.,20,cash_withdrawal_not_recognised
The app says my transfer failed,35,failed_transfer
"I requested a refund from a merchant several days ago, but don't see anything showing up in my account yet. Can you check on your end to see if the money has reached you guys?",51,Refund_not_showing_up
The top-up is broken.,47,pending_top_up
How will I receive my PIN?,38,get_physical_card
I want to use cash to top up.,58,top_up_by_cash_or_cheque
My foreign currency exchange has been applied incorrectly.,17,card_payment_wrong_exchange_rate
Can I choose my card scheme?,73,visa_or_mastercard
"My card has an issue, the payment has been deferred.",53,reverted_card_payment?
I wish to be able to top up with cash.,58,top_up_by_cash_or_cheque
"lost card found, want to put it back in app",13,card_linking
Can you help me transfer money into my friend's bank account? I tried to do it but it keeps rejecting me. I need to get the money in there asap. I have enough and all the account info is correct.,35,failed_transfer
"How long does it take to transfer from china? Is there a way to transfer it quickly, I need it urgently?",67,transfer_timing
"I've used my account frequently over the last month to manage my payments from abroad for my new place. I noticed that my fees have suddenly increased. As a frequent customer, shouldn't I be rewarded rather than suddenly being subject to a new fee?",64,transfer_fee_charged
"I received my card, how do I get it to show in the app?",13,card_linking
Could you tell me the fiat currencies that you work with?,36,fiat_currency_support
Your ATM pin can be changed at any VISA or MasterCard ATM with PIN services. Certain countries don't support ATM pin changes.,21,change_pin
I can't verify identity through the app.,68,unable_to_verify_identity
i need to know about exchange rates,32,exchange_rate
My card is expiring so how fast can I get a new one and how much will it be?,9,card_about_to_expire
"I seem to have a problem here, I bought something about a 2 weeks ago and just now received the payment back into my account and I've already received the item. Can you tell me what is going on here?",53,reverted_card_payment?
How long does a check take to show up in the account balance?,6,balance_not_updated_after_cheque_or_cash_deposit
am i able to receive my salary this way?,50,receiving_money
What do you do with all the identity information you're collecting from me?,74,why_verify_identity
I did not make a direct debit payment as listed on my app,28,direct_debit_payment_not_recognised
I need to cancel a transaction please!,8,cancel_transfer
I do not think the pop up went through yet.,47,pending_top_up
My card was working but now it doesn't.,14,card_not_working
What is identity check?,74,why_verify_identity
what cards can i use to add money to my account,54,supported_cards_and_currencies
I want to find out what happened to my new card?,11,card_arrival
I did a transfer and was charged a fee that should not have been charged!,64,transfer_fee_charged
what is the leadtime for a new card to show up in the mail?,12,card_delivery_estimate
How do I go about getting a virtual card?,40,getting_virtual_card
Hi. Please can you help me fix a double charge on my card? I'm looking at my transactions and this restaurant I went to earlier in the week has charged me twice! Please remove the additional charge for me.,63,transaction_charged_twice
When I was in a restaurant today my card was declined and payment wouldn't go through and I need help. Can you fix this?,14,card_not_working
My account shows I made a debit payment to someone that I can't recall and would like to find out who the payment was made to.,28,direct_debit_payment_not_recognised
Help! I need to transfer something to China.,67,transfer_timing
What is the reason I couldn't do a transfer to a beneficiary?,7,beneficiary_not_allowed
How can I top up with Apple Pay?,2,apple_pay_or_google_pay
Can I make a withdraw in my home currency at an ATM? I'm on vacation and am a bit worried because I don't have cash with me. Is it possible to withdraw here without any additional costs or fees?,76,wrong_exchange_rate_for_cash_withdrawal
Why have I not received a virtual card yet?,40,getting_virtual_card
How do I report a cash withdrawal that wasn't me?,20,cash_withdrawal_not_recognised
How can you assist me on topping up on bank transfers to my account?,65,transfer_into_account
I transferred some money but it hasn't arrived.,66,transfer_not_received_by_recipient
I've lost my card. What can I do about that?,41,lost_or_stolen_card
Help! When will the card arrive at my home?,12,card_delivery_estimate
can i use my mastercard to add money to my account,54,supported_cards_and_currencies
Do I need to order a new card before it expires?,9,card_about_to_expire
When will my transfer finish pending?,48,pending_transfer
How many transactions can I do with my disposable card?,29,disposable_card_limits
Please verify my top-up card,71,verify_top_up
I recently bought an item using my card and I was charged an extra fee why is this?,15,card_payment_fee_charged
I transferred money but the recipient does not see the funds in their account?,66,transfer_not_received_by_recipient
"I need an accurate exchange rate, when I make my withdrawals.",76,wrong_exchange_rate_for_cash_withdrawal
You have declined my payment.,25,declined_card_payment
I transferred money but the balance hasn't changed.,5,balance_not_updated_after_bank_transfer
How do I top-up automatically?,4,automatic_top_up
Is there an extra fee to exchange currencies?,31,exchange_charge
why isnt my cash withdrawal showing,46,pending_cash_withdrawal
I can't get a contactless payment to work.,23,contactless_not_working
What do I do if someone used my card without my permission?,22,compromised_card
"There are a few transaction that I don't recognize, I think someone managed to get my card details and use it.",22,compromised_card
Why is my payment still pending?,45,pending_card_payment
Which credit card top-ups do you accept?,54,supported_cards_and_currencies
How can I prove the source of my funds?,70,verify_source_of_funds
How can I get my money that I didn't get from the ATM?,75,wrong_amount_of_cash_received
Reverted top up,61,top_up_reverted
Is the EUR accepted for exchanges?,36,fiat_currency_support
What's the process to receive a second card?,39,getting_spare_card
I am not sure but someone else might be using my card,22,compromised_card
"Hearing about your verification results from us may take anywhere from 10 minutes to approximately one hour. If this verification has in fact, failed, double-check to make sure that your images are clear. Also make sure that your document photos have no blur or glare. They need to be readable. You must also be 18 years of age or older and be a resident of Switzerland or the European Economic Area to open an account.",68,unable_to_verify_identity
What do I need to do to link my new card for my account?,13,card_linking
What limits are the to top-ups?,60,top_up_limits
Is there a top-up limit?,60,top_up_limits
"I want to add money to my card, what payments do you accept?",54,supported_cards_and_currencies
Says that my top-up is incomplete?,47,pending_top_up
What forms of ID work for verification?,69,verify_my_identity
How can I fix my contactless?,23,contactless_not_working
How do I switch to a different currency?,33,exchange_via_app
I noticed that the exchange rate applied to a recent purchase I made abroad was incorrect.,17,card_payment_wrong_exchange_rate
What do you charge to top up US cards?,57,top_up_by_card_charge
"I tried to withdraw $100, all it gave me was $20.",75,wrong_amount_of_cash_received
"Can Google Pay be used for top up, please help?",2,apple_pay_or_google_pay
"Hi, I tried to top up my card today and it did not work. I have tried it in the past and it worked just fine but it won't do it anymore. Can you help me out?",59,top_up_failed
I was charged an extra pound.,34,extra_charge_on_statement
How do i activate my card,0,activate_my_card
Would I be charged any fees if I added money to my account using an international card?,57,top_up_by_card_charge
I sent a cheque a few days ago and i noticed that no money has been put on my account. Can you please tell me the situation of my account?,6,balance_not_updated_after_cheque_or_cash_deposit
What do I do if my payment was reverted?,53,reverted_card_payment?
Can you tell me why I can't make any transactions?,14,card_not_working
How can I know where my card will be accepted?,10,card_acceptance
I got a message that my transfer was declined.,27,declined_transfer
Is there any fees associated with receiving money with this account?,56,top_up_by_bank_transfer_charge
I just moved. How do I give you my new address?,30,edit_personal_details
What fiat currencies do you support?,36,fiat_currency_support
Can you track my card for me?,11,card_arrival
How long does it take for money to transfer?,5,balance_not_updated_after_bank_transfer
My top up has failed,59,top_up_failed
What are the steps I need to do if I have a stolen card?,41,lost_or_stolen_card
An extra fee of €1 was in my statement,34,extra_charge_on_statement
I tried to get cash in the ATM but it was not approved,26,declined_cash_withdrawal
How long to UK transfers usually take? I made a transfer but it didn't pop up in my history yet. I just want to make sure it went through.,5,balance_not_updated_after_bank_transfer
I bough an item and the exchange rate was incorrect.,17,card_payment_wrong_exchange_rate
How many disposable cards am I allowed to have?,29,disposable_card_limits
How can I solve my issue with holding multiple currencies?,36,fiat_currency_support
How long will my transaction take?,66,transfer_not_received_by_recipient
Are there any restrictions on the disposable cards?,29,disposable_card_limits
What if I need my salary in another currency?,50,receiving_money
A duplicated payment was made for something.,63,transaction_charged_twice
What's the tracking on the card you sent?,11,card_arrival
My address details have changed and I want to update them,30,edit_personal_details
I'm supposed to have a refund but it isn't there,51,Refund_not_showing_up
What are the steps for making a transfer for topping up?,65,transfer_into_account
Are cards available in the EU?,24,country_support
Will be Apple Watch be able to let me top up?,2,apple_pay_or_google_pay
What fiduciary currencies are supported for tenure and exchange?,36,fiat_currency_support
Will the transfer show up in my account soon?,67,transfer_timing
Why was there an extra charge with the withdrawal of my money?,19,cash_withdrawal_charge
Where do I order a virtual card?,40,getting_virtual_card
"I need a refund and cancel a transaction on an item I purchased and i need it as soon as possible, please!",52,request_refund
I need to reset my passcode. Where do I go to do that?,44,passcode_forgotten
When will I get a virtual card? I haven't gotten one yet,40,getting_virtual_card
Will my employer be able to pay me with this service,50,receiving_money
Why is my cash withdrawal still showing as pending?,46,pending_cash_withdrawal
Are you ripping people off with the exchange rate? It can't be that atrocious between banks.,17,card_payment_wrong_exchange_rate
I am waiting for a payment to be processed,45,pending_card_payment
"If I order a new card, how much will it be and how long will it take me to get it?",9,card_about_to_expire
Can I convert currency with the app?,33,exchange_via_app
What's my pin number?,38,get_physical_card
Why hasn't my card payment cleared yet?,45,pending_card_payment
Is my new card activated?,0,activate_my_card
can i use both visa and mastercard,73,visa_or_mastercard
"My details need to be changed, how can I do so?",30,edit_personal_details
Why am I being charged for getting cash?,19,cash_withdrawal_charge
Why am I not allowed to verify my id?,68,unable_to_verify_identity
Tell me about verifying top-up,71,verify_top_up
Which currencies do you accept for adding money?,54,supported_cards_and_currencies
I can't remember my passcode.,44,passcode_forgotten
There is a payment that I was charged two times for.,63,transaction_charged_twice
I was charged twice for the same thing.,63,transaction_charged_twice
I do not want a VISA card.,73,visa_or_mastercard
Help my prove my identity.,68,unable_to_verify_identity
Why haven't I seen the cash from the cheque I deposited yet?,6,balance_not_updated_after_cheque_or_cash_deposit
I made a transaction to the wrong account!,8,cancel_transfer
"I have a transfer from the US, How long is the wait?",67,transfer_timing
"For the identity check, do I need any kind of documentation?",69,verify_my_identity
An ATM machine didn't give me back my card.,18,card_swallowed
I didnt get the correct exchange rate for getting cash,76,wrong_exchange_rate_for_cash_withdrawal
How much are you going to charge me if I top up my US card?,57,top_up_by_card_charge
I have a transfer that was approved that I'm urgently waiting for. How long am I supposed to wait for it?,48,pending_transfer
I see an unfamiliar Direct Debit payment.,28,direct_debit_payment_not_recognised
Where is the top-up verification code?,71,verify_top_up
Help my find the verification code on a top-up.,71,verify_top_up
"In my app, a direct debit payment that I didn't do shows up.",28,direct_debit_payment_not_recognised
I forgot what my pin number is and now am blocked can you help me get in?,49,pin_blocked
Explain why a card payment would be cancelled?,53,reverted_card_payment?
I need to know where I can withdraw money.,3,atm_support
Can I use my card wherever I want?,10,card_acceptance
Can you help me get a disposable virtual card?,37,get_disposable_virtual_card
Help! The app says I took out cash but I didn't!,20,cash_withdrawal_not_recognised
Why aren't my payment funds available to me?,45,pending_card_payment
Why can't I transfer to another account?,7,beneficiary_not_allowed
What is the extra fee that was added when I used the card?,15,card_payment_fee_charged
What currencies do you accept for adding money to my account?,54,supported_cards_and_currencies
Is there a way to recover my password?,44,passcode_forgotten
How do I get my card PIN?,38,get_physical_card
I don't understand why my payment was declined. I thought everything was ok.,25,declined_card_payment
I think youre system may be broken because I have tried transfer money 5x and it isnt working! I'm not doing anything complicated it is what I usually do.,35,failed_transfer
"I was charged twice, when I didn't purchase anything twice.",63,transaction_charged_twice
I tried to do a transfer and it's saying it declined.,27,declined_transfer
There are two of the same charge on my statement.,63,transaction_charged_twice
"I'm waiting for a money transfer to show, still.",48,pending_transfer
Why is my card being declined at the ATM? I have tried multiple ATMs and i keep running into the same problem. Could you verify that everything is okay with my account?,26,declined_cash_withdrawal
Someone has been using my card. There are unfamiliar transactions on there. Can you freeze the card to keep this from happening?,22,compromised_card
I am looking to transfer some money from my other bank account into this one.,65,transfer_into_account
"Hey a seller just contacted me that my money didn't come through. It was definitely deducted from my account, but now it appears it's back with me! Sort this out asap please.",53,reverted_card_payment?
What am I going to need in order to activate my card?,0,activate_my_card
I need my virtual card,40,getting_virtual_card
I'm noticing a payment/purchase at a company that I don't recognise.,16,card_payment_not_recognised
Can I activate my card with the app?,0,activate_my_card
Why did my credit card get declined for top up?,59,top_up_failed
It is urgency. Please freeze my card now. As someone in some odd remote town has withdrawn some money by using my card. As i did not withdraw any money.,20,cash_withdrawal_not_recognised
Tell me why my topup wouldn't go through?,59,top_up_failed
I need clarity on why my card is not working.,14,card_not_working
My beneficiary is unable to transact,7,beneficiary_not_allowed
What is the current exchange fee?,31,exchange_charge
Transfer could not be completed due to being declined.,27,declined_transfer
Is there a fee to get an actual card?,43,order_physical_card
The terminal I paid at wouldn't take my card. Is something wrong?,23,contactless_not_working
I got a cheque that I want to top up with?,58,top_up_by_cash_or_cheque
Why am I being charged a hidden fee?,15,card_payment_fee_charged
"I made a bank transfer earlier from my UK account. I don't see it yet, can you check the status?",5,balance_not_updated_after_bank_transfer
"My transfer went through, but it seems to be caught up in a pending status. This was very important that it got done quickly, can you give me a status update on how long it will take?",48,pending_transfer
Is it possible to transfer money to my credit card?,62,topping_up_by_card
Why doesn't it work when I use American Express to try to add money to my account?,54,supported_cards_and_currencies
I am still awaiting the money I put into my account this morning.,6,balance_not_updated_after_cheque_or_cash_deposit
When can I use money sent to my account?,67,transfer_timing
Explain pending transactions.,46,pending_cash_withdrawal
Is there a way to view the history on where my funds came from?,70,verify_source_of_funds
Why do some of my payments have fees? I don't understand.,15,card_payment_fee_charged
Why does a top- up need to be verify?,71,verify_top_up
How do I authenticate my top-up?,71,verify_top_up
Where should I look for my PIN number at?,38,get_physical_card
"Why are all my transfers failing? I have the details right and they won't complete. I've been trying all day and they still won't go through, this is URGENT, please help.",27,declined_transfer
Do you do business in the EU?,24,country_support
Is a SWIFT transfer acceptable?,56,top_up_by_bank_transfer_charge
Can you give me the restrictions of the disposable cards?,29,disposable_card_limits
I'm in China and really need a new card.,9,card_about_to_expire
"Transferred to account is not successful, help please?",5,balance_not_updated_after_bank_transfer
"Would you be able to offer me a discount, since I need to exchange currencies frequently?",31,exchange_charge
I would like my card activated.,0,activate_my_card
Is there a maximum for top-ups?,60,top_up_limits
Why is my transfer not showing,5,balance_not_updated_after_bank_transfer
I found a transfer fee - is that correct?,64,transfer_fee_charged
"Money was taken out without my consent,",20,cash_withdrawal_not_recognised
Where can I find the auto-top up feature?,4,automatic_top_up
My transaction is on the wrong account.,8,cancel_transfer
Problem verifying my account,68,unable_to_verify_identity
Can you lookup my password?,44,passcode_forgotten
I think my card payment has been reverted,53,reverted_card_payment?
Can I exchange currencies with the app?,33,exchange_via_app
Can I change my PIN if I want to?,21,change_pin
I am here to change my adress.,30,edit_personal_details
I was recently charged for withdrawing money from my bank ATM. How can that be possible when I haven't been charged for using it before?,19,cash_withdrawal_charge
i didnt do this charge,16,card_payment_not_recognised
How do I delete my account now,55,terminate_account
"Hi, I was looking over my card receipts for the past week and I realize I had a charge put through two times for the same single restaurant visit. Can one of the charges be removed so that I can get the money back that was mistakenly taken from my account?",63,transaction_charged_twice
Can I set up to my account to automatically top up?,4,automatic_top_up
The app doesn't think it's me.,68,unable_to_verify_identity
"stolen phone, what should i do",42,lost_or_stolen_phone
I would like to know if you use Visa or Mastercard.,73,visa_or_mastercard
what is my monthly spending limit because i was refused my money at an atm,26,declined_cash_withdrawal
Why would my transfer result in a decline message?,27,declined_transfer
What's the time frame on EU transfers? I purchased something a couple of days ago but the seller hasn't received my payment.,48,pending_transfer
Why am I unable verify my id?,68,unable_to_verify_identity
Why wasn't my bank balance updated?,5,balance_not_updated_after_bank_transfer
How can I transfer money using my credit card?,62,topping_up_by_card
Was my transaction reverted with my card?,53,reverted_card_payment?
I was refunded the money for something I bought already.,53,reverted_card_payment?
Why is there an extra fee charged?,34,extra_charge_on_statement
"I can't make any transfers, they won't go through, the details are correct as I checked them. Can you look in to this please?",27,declined_transfer
Is there a fee to add money to an international card?,57,top_up_by_card_charge
How long do I have to wait for a US transfer?,67,transfer_timing
"My new card just arrived, how can I activate it?",0,activate_my_card
"Hi, I am on vacation in Spain and someone stole my bag with my phone and wallet with cards and everything. Can you block it ASAP and then I want to order a new one also ASAP.",41,lost_or_stolen_card
Is it possible to cancel my transfer?,8,cancel_transfer
I have an incorrect charge and would like a refund.,52,request_refund
There is a direct debit charge on my account that is not mine.,28,direct_debit_payment_not_recognised
"I have been charged a fee, I didn't know about this fee before! When do you charge extra for card payments?",15,card_payment_fee_charged
How can I dispute a direct debit charge on my account?,28,direct_debit_payment_not_recognised
How do I exchange currencies with this,33,exchange_via_app
the exchange rate is wrong from something I got in another country,17,card_payment_wrong_exchange_rate
I did not do this payment,16,card_payment_not_recognised
Is my PIN sent separably?,38,get_physical_card
Why is my cash withdrawal still pending?,46,pending_cash_withdrawal
Can you let me know why my cash withdrawal is still pending?,46,pending_cash_withdrawal
I have a new card. How do i top it up?,62,topping_up_by_card
"who do I talk to, to cancel a transfer?",8,cancel_transfer
When can I expect delivery?,12,card_delivery_estimate
I transferred some money a couple days ago but haven't received it yet. How long should I expect to wait?,5,balance_not_updated_after_bank_transfer
My transfer was declined. What might the reason be?,27,declined_transfer
It declined my transfer.,27,declined_transfer
How long will it take my card to get here?,12,card_delivery_estimate
Will I be charged for a cash withdrawal?,19,cash_withdrawal_charge
How do I stop fraud to my account?,22,compromised_card
Are there any restrictions to where I can use my card?,10,card_acceptance
i don't see the top-up verification code anywhere,71,verify_top_up
Help! I need to cancel a transaction.,8,cancel_transfer
There's a cash withdrawal I am certain I did not make,20,cash_withdrawal_not_recognised
"My transfer was wrong, are you able to stop it before it goes through please?",8,cancel_transfer
I do not feel comfortable verifying my identity.,74,why_verify_identity
"help, lost my card",41,lost_or_stolen_card
Delete my account now please.,55,terminate_account
"My PIN is unlocked, what do I do?",49,pin_blocked
Can I get some help to get me card activated?,0,activate_my_card
Is there a limit to my top-up?,60,top_up_limits
How do I delete an account?,55,terminate_account
My statement is showing an extra £1 charge and I am unsure why. Is there an explanation for this?,34,extra_charge_on_statement
Why do you need me to verify who I am?,74,why_verify_identity
Am I gonna be charged for sending out more cards?,39,getting_spare_card
"If I want to send out more cards, do you charge extra for that?",39,getting_spare_card
Can I have my account add money automatically in certain intervals?,4,automatic_top_up
Please verify my source of funds.,70,verify_source_of_funds
My beneficiary is not allowed? Why?,7,beneficiary_not_allowed
Need a new passcode.,44,passcode_forgotten
Do you accept US credit cards?,54,supported_cards_and_currencies
How long does it take to show a deposit I made to my balance?,6,balance_not_updated_after_cheque_or_cash_deposit
"Hello, can you please inform me about international transfers? I am expecting a transfer I made from France two days ago and would like to know when it will arrive.",5,balance_not_updated_after_bank_transfer
My cheque deposit didn't seem to work.,6,balance_not_updated_after_cheque_or_cash_deposit
Please help! I was mugged and everything stolen. What do I do to stop them from accessing my account?,42,lost_or_stolen_phone
Can you assist me in acquiring a virtual card?,40,getting_virtual_card
How do I access the virtual card?,40,getting_virtual_card
want to know how to get virtual card,40,getting_virtual_card
My card hasn't arrived yet. What do I do?,11,card_arrival
What are the currencies that are accepted to add money?,54,supported_cards_and_currencies
My attempted transfer keeps kicking back with an error message. Could you please help me to resolve this?,7,beneficiary_not_allowed
My exchange rate is wrong when I get cash.,76,wrong_exchange_rate_for_cash_withdrawal
Do you have charges now when you pay with a card?,15,card_payment_fee_charged
How can get a Visa card?,73,visa_or_mastercard
Why is it taking so long for my pending transaction to post as cleared?,48,pending_transfer
"I've been waiting for 3 days, why is my withdrawal still pending?",46,pending_cash_withdrawal
do i have to talk to someone to close an account or can i in the app,55,terminate_account
"that fee should not be there, you charged my cash for an unnecessary thing.",19,cash_withdrawal_charge
"I need to make a purchase online, where is my virtual card?",40,getting_virtual_card
I need to terminate my account immediately.,55,terminate_account
Why did I get charged a fee for my transfer?,64,transfer_fee_charged
How do I perform identity checks?,69,verify_my_identity
I need to check status as my friend hasn't got money I sent.,66,transfer_not_received_by_recipient
When do I get my card PIN?,38,get_physical_card
Why did I not get my refund yet?,51,Refund_not_showing_up
What is the estimated time on an urgent transfer from China?,67,transfer_timing
Why isn't my pending transfer finished?,48,pending_transfer
How can I convert currencies?,33,exchange_via_app
Are there any fees associated with receiving money?,56,top_up_by_bank_transfer_charge
The recipient can not locate funds.,66,transfer_not_received_by_recipient
I am unable to access my app due to forgetting my passcode.,44,passcode_forgotten
My password doesn't work.,44,passcode_forgotten
Why was my payment declined? I keep trying my card but it's not working.,25,declined_card_payment
Can I transfer money using a different currency?,50,receiving_money
Why was I charged a higher exchange rate when I bought something abroad?,17,card_payment_wrong_exchange_rate
Where am I able to get my PIN unblocked?,49,pin_blocked
What should I do after I've moved and need to update my personal details?,30,edit_personal_details
Is there a top up fee for transfer?,56,top_up_by_bank_transfer_charge
Does it cost anything and how long would it take to get a card if I need a new one? My card is about to expire.,9,card_about_to_expire
I need to know what's going on. I was under the impression you offered cryto top up which doesn't seem to be working and money has just vanished from my account.,61,top_up_reverted
What is the limit on disposable cards?,29,disposable_card_limits
How do I know when my new card is going to arrive?,11,card_arrival
My account is blocked because I entered the wrong pin too many times. Help me unblock.,49,pin_blocked
Are you aware of any charges for receiving money?,56,top_up_by_bank_transfer_charge
I have a duplicate payment on my card.,63,transaction_charged_twice
How old can one use your service?,1,age_limit
I need to find out why my pending payment hasn't gone through.,45,pending_card_payment
Tell me why there is an extra charge when I used an ATM?,19,cash_withdrawal_charge
What is the reason I got rejected for using my disposable virtual card to pay a subscription to the gym?,72,virtual_card_not_working
I happened to forget my password,44,passcode_forgotten
I am not receiving the correct exchange rate on my card.,17,card_payment_wrong_exchange_rate
why have i not got my new card?,11,card_arrival
Can you help me reset my passcode? I forgot it.,44,passcode_forgotten
I'm interested in learning more about disposable virtual cards.,37,get_disposable_virtual_card
"In the exchange and holding, what fiat is allowed?",36,fiat_currency_support
"I can't see if the transfer I did a couple days ago is in my account yet. I double checked my info before sending, too. Can you check this?",66,transfer_not_received_by_recipient
I just had my card get declined at the ATM! I need to get money out but I am unable to. Why has this happened?,26,declined_cash_withdrawal
When I was abroad the exchange rate for me was wrong.,76,wrong_exchange_rate_for_cash_withdrawal
I wish to top up using a cheque.,58,top_up_by_cash_or_cheque
